[2026-09-23T12:42:57.283+0000] {processor.py:161} INFO - Started process (PID=88) to work on /opt/airflow/dags/dags_etl.py
[2026-09-23T12:42:57.285+0000] {processor.py:830} INFO - Processing file /opt/airflow/dags/dags_etl.py for tasks to queue
[2026-09-23T12:42:57.292+0000] {logging_mixin.py:188} INFO - [2026-09-23T12:42:57.291+0000] {dagbag.py:545} INFO - Filling up the DagBag from /opt/airflow/dags/dags_etl.py
[2026-09-23T12:42:57.366+0000] {processor.py:840} INFO - DAG(s) 'dag_project_de_etl_v04' retrieved from /opt/airflow/dags/dags_etl.py
[2026-09-23T12:42:57.698+0000] {logging_mixin.py:188} INFO - [2026-09-23T12:42:57.697+0000] {override.py:1829} INFO - Created Permission View: can read on DAG:dag_project_de_etl_v04
[2026-09-23T12:42:57.742+0000] {logging_mixin.py:188} INFO - [2026-09-23T12:42:57.742+0000] {override.py:1829} INFO - Created Permission View: can edit on DAG:dag_project_de_etl_v04
[2026-09-23T12:42:57.782+0000] {logging_mixin.py:188} INFO - [2026-09-23T12:42:57.781+0000] {override.py:1829} INFO - Created Permission View: can delete on DAG:dag_project_de_etl_v04
[2026-09-23T12:42:57.783+0000] {logging_mixin.py:188} INFO - [2026-09-23T12:42:57.783+0000] {dag.py:3096} INFO - Sync 1 DAGs
[2026-09-23T12:42:57.806+0000] {logging_mixin.py:188} INFO - [2026-09-23T12:42:57.806+0000] {dag.py:3118} INFO - Creating ORM DAG for dag_project_de_etl_v04
[2026-09-23T12:42:57.809+0000] {logging_mixin.py:188} INFO - [2026-09-23T12:42:57.808+0000] {dag.py:3954} INFO - Setting next_dagrun for dag_project_de_etl_v04 to None, run_after=None
[2026-09-23T12:42:57.892+0000] {processor.py:183} INFO - Processing /opt/airflow/dags/dags_etl.py took 0.624 seconds
[2026-09-23T12:43:28.988+0000] {processor.py:161} INFO - Started process (PID=89) to work on /opt/airflow/dags/dags_etl.py
[2026-09-23T12:43:28.990+0000] {processor.py:830} INFO - Processing file /opt/airflow/dags/dags_etl.py for tasks to queue
[2026-09-23T12:43:28.997+0000] {logging_mixin.py:188} INFO - [2026-09-23T12:43:28.996+0000] {dagbag.py:545} INFO - Filling up the DagBag from /opt/airflow/dags/dags_etl.py
[2026-09-23T12:43:29.041+0000] {processor.py:840} INFO - DAG(s) 'dag_project_de_etl_v04' retrieved from /opt/airflow/dags/dags_etl.py
[2026-09-23T12:43:29.097+0000] {logging_mixin.py:188} INFO - [2026-09-23T12:43:29.096+0000] {dag.py:3096} INFO - Sync 1 DAGs
[2026-09-23T12:43:29.115+0000] {logging_mixin.py:188} INFO - [2026-09-23T12:43:29.115+0000] {dag.py:3954} INFO - Setting next_dagrun for dag_project_de_etl_v04 to None, run_after=None
[2026-09-23T12:43:29.208+0000] {processor.py:183} INFO - Processing /opt/airflow/dags/dags_etl.py took 0.229 seconds
[2026-09-23T12:44:00.290+0000] {processor.py:161} INFO - Started process (PID=90) to work on /opt/airflow/dags/dags_etl.py
[2026-09-23T12:44:00.292+0000] {processor.py:830} INFO - Processing file /opt/airflow/dags/dags_etl.py for tasks to queue
[2026-09-23T12:44:00.295+0000] {logging_mixin.py:188} INFO - [2026-09-23T12:44:00.295+0000] {dagbag.py:545} INFO - Filling up the DagBag from /opt/airflow/dags/dags_etl.py
[2026-09-23T12:44:00.335+0000] {processor.py:840} INFO - DAG(s) 'dag_project_de_etl_v04' retrieved from /opt/airflow/dags/dags_etl.py
[2026-09-23T12:44:00.380+0000] {logging_mixin.py:188} INFO - [2026-09-23T12:44:00.380+0000] {dag.py:3096} INFO - Sync 1 DAGs
[2026-09-23T12:44:00.398+0000] {logging_mixin.py:188} INFO - [2026-09-23T12:44:00.398+0000] {dag.py:3954} INFO - Setting next_dagrun for dag_project_de_etl_v04 to None, run_after=None
[2026-09-23T12:44:00.477+0000] {processor.py:183} INFO - Processing /opt/airflow/dags/dags_etl.py took 0.191 seconds
[2026-09-23T12:44:30.772+0000] {processor.py:161} INFO - Started process (PID=97) to work on /opt/airflow/dags/dags_etl.py
[2026-09-23T12:44:30.774+0000] {processor.py:830} INFO - Processing file /opt/airflow/dags/dags_etl.py for tasks to queue
[2026-09-23T12:44:30.776+0000] {logging_mixin.py:188} INFO - [2026-09-23T12:44:30.776+0000] {dagbag.py:545} INFO - Filling up the DagBag from /opt/airflow/dags/dags_etl.py
[2026-09-23T12:44:30.820+0000] {processor.py:840} INFO - DAG(s) 'dag_project_de_etl_v04' retrieved from /opt/airflow/dags/dags_etl.py
[2026-09-23T12:44:30.868+0000] {logging_mixin.py:188} INFO - [2026-09-23T12:44:30.867+0000] {dag.py:3096} INFO - Sync 1 DAGs
[2026-09-23T12:44:30.887+0000] {logging_mixin.py:188} INFO - [2026-09-23T12:44:30.887+0000] {dag.py:3954} INFO - Setting next_dagrun for dag_project_de_etl_v04 to None, run_after=None
[2026-09-23T12:44:30.981+0000] {processor.py:183} INFO - Processing /opt/airflow/dags/dags_etl.py took 0.215 seconds
[2026-09-23T12:45:01.559+0000] {processor.py:161} INFO - Started process (PID=98) to work on /opt/airflow/dags/dags_etl.py
[2026-09-23T12:45:01.561+0000] {processor.py:830} INFO - Processing file /opt/airflow/dags/dags_etl.py for tasks to queue
[2026-09-23T12:45:01.564+0000] {logging_mixin.py:188} INFO - [2026-09-23T12:45:01.563+0000] {dagbag.py:545} INFO - Filling up the DagBag from /opt/airflow/dags/dags_etl.py
[2026-09-23T12:45:01.620+0000] {processor.py:840} INFO - DAG(s) 'dag_project_de_etl_v04' retrieved from /opt/airflow/dags/dags_etl.py
[2026-09-23T12:45:01.666+0000] {logging_mixin.py:188} INFO - [2026-09-23T12:45:01.665+0000] {dag.py:3096} INFO - Sync 1 DAGs
[2026-09-23T12:45:01.686+0000] {logging_mixin.py:188} INFO - [2026-09-23T12:45:01.685+0000] {dag.py:3954} INFO - Setting next_dagrun for dag_project_de_etl_v04 to None, run_after=None
[2026-09-23T12:45:01.805+0000] {processor.py:183} INFO - Processing /opt/airflow/dags/dags_etl.py took 0.253 seconds
[2026-09-23T12:45:32.376+0000] {processor.py:161} INFO - Started process (PID=138) to work on /opt/airflow/dags/dags_etl.py
[2026-09-23T12:45:32.377+0000] {processor.py:830} INFO - Processing file /opt/airflow/dags/dags_etl.py for tasks to queue
[2026-09-23T12:45:32.381+0000] {logging_mixin.py:188} INFO - [2026-09-23T12:45:32.380+0000] {dagbag.py:545} INFO - Filling up the DagBag from /opt/airflow/dags/dags_etl.py
[2026-09-23T12:45:32.423+0000] {processor.py:840} INFO - DAG(s) 'dag_project_de_etl_v04' retrieved from /opt/airflow/dags/dags_etl.py
[2026-09-23T12:45:32.461+0000] {logging_mixin.py:188} INFO - [2026-09-23T12:45:32.460+0000] {dag.py:3096} INFO - Sync 1 DAGs
[2026-09-23T12:45:32.479+0000] {logging_mixin.py:188} INFO - [2026-09-23T12:45:32.479+0000] {dag.py:3954} INFO - Setting next_dagrun for dag_project_de_etl_v04 to None, run_after=None
[2026-09-23T12:45:32.564+0000] {processor.py:183} INFO - Processing /opt/airflow/dags/dags_etl.py took 0.197 seconds
[2026-09-23T12:46:03.282+0000] {processor.py:161} INFO - Started process (PID=139) to work on /opt/airflow/dags/dags_etl.py
[2026-09-23T12:46:03.283+0000] {processor.py:830} INFO - Processing file /opt/airflow/dags/dags_etl.py for tasks to queue
[2026-09-23T12:46:03.286+0000] {logging_mixin.py:188} INFO - [2026-09-23T12:46:03.285+0000] {dagbag.py:545} INFO - Filling up the DagBag from /opt/airflow/dags/dags_etl.py
[2026-09-23T12:46:03.324+0000] {processor.py:840} INFO - DAG(s) 'dag_project_de_etl_v04' retrieved from /opt/airflow/dags/dags_etl.py
[2026-09-23T12:46:03.358+0000] {logging_mixin.py:188} INFO - [2026-09-23T12:46:03.358+0000] {dag.py:3096} INFO - Sync 1 DAGs
[2026-09-23T12:46:03.374+0000] {logging_mixin.py:188} INFO - [2026-09-23T12:46:03.373+0000] {dag.py:3954} INFO - Setting next_dagrun for dag_project_de_etl_v04 to None, run_after=None
[2026-09-23T12:46:03.451+0000] {processor.py:183} INFO - Processing /opt/airflow/dags/dags_etl.py took 0.174 seconds
[2026-09-23T12:46:34.100+0000] {processor.py:161} INFO - Started process (PID=140) to work on /opt/airflow/dags/dags_etl.py
[2026-09-23T12:46:34.101+0000] {processor.py:830} INFO - Processing file /opt/airflow/dags/dags_etl.py for tasks to queue
[2026-09-23T12:46:34.105+0000] {logging_mixin.py:188} INFO - [2026-09-23T12:46:34.104+0000] {dagbag.py:545} INFO - Filling up the DagBag from /opt/airflow/dags/dags_etl.py
[2026-09-23T12:46:34.141+0000] {processor.py:840} INFO - DAG(s) 'dag_project_de_etl_v04' retrieved from /opt/airflow/dags/dags_etl.py
[2026-09-23T12:46:34.178+0000] {logging_mixin.py:188} INFO - [2026-09-23T12:46:34.178+0000] {dag.py:3096} INFO - Sync 1 DAGs
[2026-09-23T12:46:34.194+0000] {logging_mixin.py:188} INFO - [2026-09-23T12:46:34.194+0000] {dag.py:3954} INFO - Setting next_dagrun for dag_project_de_etl_v04 to None, run_after=None
[2026-09-23T12:46:34.268+0000] {processor.py:183} INFO - Processing /opt/airflow/dags/dags_etl.py took 0.174 seconds
[2026-09-23T12:47:04.993+0000] {processor.py:161} INFO - Started process (PID=141) to work on /opt/airflow/dags/dags_etl.py
[2026-09-23T12:47:04.995+0000] {processor.py:830} INFO - Processing file /opt/airflow/dags/dags_etl.py for tasks to queue
[2026-09-23T12:47:04.997+0000] {logging_mixin.py:188} INFO - [2026-09-23T12:47:04.997+0000] {dagbag.py:545} INFO - Filling up the DagBag from /opt/airflow/dags/dags_etl.py
[2026-09-23T12:47:05.035+0000] {processor.py:840} INFO - DAG(s) 'dag_project_de_etl_v04' retrieved from /opt/airflow/dags/dags_etl.py
[2026-09-23T12:47:05.071+0000] {logging_mixin.py:188} INFO - [2026-09-23T12:47:05.070+0000] {dag.py:3096} INFO - Sync 1 DAGs
[2026-09-23T12:47:05.086+0000] {logging_mixin.py:188} INFO - [2026-09-23T12:47:05.086+0000] {dag.py:3954} INFO - Setting next_dagrun for dag_project_de_etl_v04 to None, run_after=None
[2026-09-23T12:47:05.173+0000] {processor.py:183} INFO - Processing /opt/airflow/dags/dags_etl.py took 0.186 seconds
[2026-09-23T12:47:35.786+0000] {processor.py:161} INFO - Started process (PID=142) to work on /opt/airflow/dags/dags_etl.py
[2026-09-23T12:47:35.788+0000] {processor.py:830} INFO - Processing file /opt/airflow/dags/dags_etl.py for tasks to queue
[2026-09-23T12:47:35.790+0000] {logging_mixin.py:188} INFO - [2026-09-23T12:47:35.790+0000] {dagbag.py:545} INFO - Filling up the DagBag from /opt/airflow/dags/dags_etl.py
[2026-09-23T12:47:35.824+0000] {processor.py:840} INFO - DAG(s) 'dag_project_de_etl_v04' retrieved from /opt/airflow/dags/dags_etl.py
[2026-09-23T12:47:35.859+0000] {logging_mixin.py:188} INFO - [2026-09-23T12:47:35.859+0000] {dag.py:3096} INFO - Sync 1 DAGs
[2026-09-23T12:47:35.877+0000] {logging_mixin.py:188} INFO - [2026-09-23T12:47:35.876+0000] {dag.py:3954} INFO - Setting next_dagrun for dag_project_de_etl_v04 to None, run_after=None
[2026-09-23T12:47:35.956+0000] {processor.py:183} INFO - Processing /opt/airflow/dags/dags_etl.py took 0.176 seconds
[2026-09-23T12:48:06.500+0000] {processor.py:161} INFO - Started process (PID=143) to work on /opt/airflow/dags/dags_etl.py
[2026-09-23T12:48:06.502+0000] {processor.py:830} INFO - Processing file /opt/airflow/dags/dags_etl.py for tasks to queue
[2026-09-23T12:48:06.505+0000] {logging_mixin.py:188} INFO - [2026-09-23T12:48:06.504+0000] {dagbag.py:545} INFO - Filling up the DagBag from /opt/airflow/dags/dags_etl.py
[2026-09-23T12:48:06.543+0000] {processor.py:840} INFO - DAG(s) 'dag_project_de_etl_v04' retrieved from /opt/airflow/dags/dags_etl.py
[2026-09-23T12:48:06.579+0000] {logging_mixin.py:188} INFO - [2026-09-23T12:48:06.579+0000] {dag.py:3096} INFO - Sync 1 DAGs
[2026-09-23T12:48:06.595+0000] {logging_mixin.py:188} INFO - [2026-09-23T12:48:06.595+0000] {dag.py:3954} INFO - Setting next_dagrun for dag_project_de_etl_v04 to None, run_after=None
[2026-09-23T12:48:06.690+0000] {processor.py:183} INFO - Processing /opt/airflow/dags/dags_etl.py took 0.196 seconds
[2026-09-23T12:48:37.165+0000] {processor.py:161} INFO - Started process (PID=144) to work on /opt/airflow/dags/dags_etl.py
[2026-09-23T12:48:37.167+0000] {processor.py:830} INFO - Processing file /opt/airflow/dags/dags_etl.py for tasks to queue
[2026-09-23T12:48:37.170+0000] {logging_mixin.py:188} INFO - [2026-09-23T12:48:37.169+0000] {dagbag.py:545} INFO - Filling up the DagBag from /opt/airflow/dags/dags_etl.py
[2026-09-23T12:48:37.207+0000] {processor.py:840} INFO - DAG(s) 'dag_project_de_etl_v04' retrieved from /opt/airflow/dags/dags_etl.py
[2026-09-23T12:48:37.244+0000] {logging_mixin.py:188} INFO - [2026-09-23T12:48:37.244+0000] {dag.py:3096} INFO - Sync 1 DAGs
[2026-09-23T12:48:37.262+0000] {logging_mixin.py:188} INFO - [2026-09-23T12:48:37.262+0000] {dag.py:3954} INFO - Setting next_dagrun for dag_project_de_etl_v04 to None, run_after=None
[2026-09-23T12:48:37.351+0000] {processor.py:183} INFO - Processing /opt/airflow/dags/dags_etl.py took 0.191 seconds
[2026-09-23T12:49:07.784+0000] {processor.py:161} INFO - Started process (PID=145) to work on /opt/airflow/dags/dags_etl.py
[2026-09-23T12:49:07.786+0000] {processor.py:830} INFO - Processing file /opt/airflow/dags/dags_etl.py for tasks to queue
[2026-09-23T12:49:07.789+0000] {logging_mixin.py:188} INFO - [2026-09-23T12:49:07.788+0000] {dagbag.py:545} INFO - Filling up the DagBag from /opt/airflow/dags/dags_etl.py
[2026-09-23T12:49:07.824+0000] {processor.py:840} INFO - DAG(s) 'dag_project_de_etl_v04' retrieved from /opt/airflow/dags/dags_etl.py
[2026-09-23T12:49:07.857+0000] {logging_mixin.py:188} INFO - [2026-09-23T12:49:07.857+0000] {dag.py:3096} INFO - Sync 1 DAGs
[2026-09-23T12:49:07.873+0000] {logging_mixin.py:188} INFO - [2026-09-23T12:49:07.872+0000] {dag.py:3954} INFO - Setting next_dagrun for dag_project_de_etl_v04 to None, run_after=None
[2026-09-23T12:49:07.953+0000] {processor.py:183} INFO - Processing /opt/airflow/dags/dags_etl.py took 0.174 seconds
[2026-09-23T12:49:38.142+0000] {processor.py:161} INFO - Started process (PID=146) to work on /opt/airflow/dags/dags_etl.py
[2026-09-23T12:49:38.143+0000] {processor.py:830} INFO - Processing file /opt/airflow/dags/dags_etl.py for tasks to queue
[2026-09-23T12:49:38.145+0000] {logging_mixin.py:188} INFO - [2026-09-23T12:49:38.145+0000] {dagbag.py:545} INFO - Filling up the DagBag from /opt/airflow/dags/dags_etl.py
[2026-09-23T12:49:38.178+0000] {processor.py:840} INFO - DAG(s) 'dag_project_de_etl_v04' retrieved from /opt/airflow/dags/dags_etl.py
[2026-09-23T12:49:38.214+0000] {logging_mixin.py:188} INFO - [2026-09-23T12:49:38.214+0000] {dag.py:3096} INFO - Sync 1 DAGs
[2026-09-23T12:49:38.229+0000] {logging_mixin.py:188} INFO - [2026-09-23T12:49:38.229+0000] {dag.py:3954} INFO - Setting next_dagrun for dag_project_de_etl_v04 to None, run_after=None
[2026-09-23T12:49:38.307+0000] {processor.py:183} INFO - Processing /opt/airflow/dags/dags_etl.py took 0.171 seconds
[2026-09-23T12:50:08.650+0000] {processor.py:161} INFO - Started process (PID=147) to work on /opt/airflow/dags/dags_etl.py
[2026-09-23T12:50:08.652+0000] {processor.py:830} INFO - Processing file /opt/airflow/dags/dags_etl.py for tasks to queue
[2026-09-23T12:50:08.655+0000] {logging_mixin.py:188} INFO - [2026-09-23T12:50:08.654+0000] {dagbag.py:545} INFO - Filling up the DagBag from /opt/airflow/dags/dags_etl.py
[2026-09-23T12:50:08.691+0000] {processor.py:840} INFO - DAG(s) 'dag_project_de_etl_v04' retrieved from /opt/airflow/dags/dags_etl.py
[2026-09-23T12:50:08.727+0000] {logging_mixin.py:188} INFO - [2026-09-23T12:50:08.727+0000] {dag.py:3096} INFO - Sync 1 DAGs
[2026-09-23T12:50:08.744+0000] {logging_mixin.py:188} INFO - [2026-09-23T12:50:08.743+0000] {dag.py:3954} INFO - Setting next_dagrun for dag_project_de_etl_v04 to None, run_after=None
[2026-09-23T12:50:08.832+0000] {processor.py:183} INFO - Processing /opt/airflow/dags/dags_etl.py took 0.187 seconds
[2026-09-23T12:50:39.300+0000] {processor.py:161} INFO - Started process (PID=148) to work on /opt/airflow/dags/dags_etl.py
[2026-09-23T12:50:39.302+0000] {processor.py:830} INFO - Processing file /opt/airflow/dags/dags_etl.py for tasks to queue
[2026-09-23T12:50:39.306+0000] {logging_mixin.py:188} INFO - [2026-09-23T12:50:39.305+0000] {dagbag.py:545} INFO - Filling up the DagBag from /opt/airflow/dags/dags_etl.py
[2026-09-23T12:50:39.347+0000] {processor.py:840} INFO - DAG(s) 'dag_project_de_etl_v04' retrieved from /opt/airflow/dags/dags_etl.py
[2026-09-23T12:50:39.385+0000] {logging_mixin.py:188} INFO - [2026-09-23T12:50:39.384+0000] {dag.py:3096} INFO - Sync 1 DAGs
[2026-09-23T12:50:39.399+0000] {logging_mixin.py:188} INFO - [2026-09-23T12:50:39.399+0000] {dag.py:3954} INFO - Setting next_dagrun for dag_project_de_etl_v04 to None, run_after=None
[2026-09-23T12:50:39.708+0000] {processor.py:183} INFO - Processing /opt/airflow/dags/dags_etl.py took 0.415 seconds
[2026-09-23T12:51:09.817+0000] {processor.py:161} INFO - Started process (PID=149) to work on /opt/airflow/dags/dags_etl.py
[2026-09-23T12:51:09.819+0000] {processor.py:830} INFO - Processing file /opt/airflow/dags/dags_etl.py for tasks to queue
[2026-09-23T12:51:09.822+0000] {logging_mixin.py:188} INFO - [2026-09-23T12:51:09.821+0000] {dagbag.py:545} INFO - Filling up the DagBag from /opt/airflow/dags/dags_etl.py
[2026-09-23T12:51:09.862+0000] {processor.py:840} INFO - DAG(s) 'dag_project_de_etl_v04' retrieved from /opt/airflow/dags/dags_etl.py
[2026-09-23T12:51:09.895+0000] {logging_mixin.py:188} INFO - [2026-09-23T12:51:09.895+0000] {dag.py:3096} INFO - Sync 1 DAGs
[2026-09-23T12:51:09.911+0000] {logging_mixin.py:188} INFO - [2026-09-23T12:51:09.911+0000] {dag.py:3954} INFO - Setting next_dagrun for dag_project_de_etl_v04 to None, run_after=None
[2026-09-23T12:51:09.996+0000] {processor.py:183} INFO - Processing /opt/airflow/dags/dags_etl.py took 0.184 seconds
[2026-09-23T12:51:40.236+0000] {processor.py:161} INFO - Started process (PID=150) to work on /opt/airflow/dags/dags_etl.py
[2026-09-23T12:51:40.238+0000] {processor.py:830} INFO - Processing file /opt/airflow/dags/dags_etl.py for tasks to queue
[2026-09-23T12:51:40.241+0000] {logging_mixin.py:188} INFO - [2026-09-23T12:51:40.241+0000] {dagbag.py:545} INFO - Filling up the DagBag from /opt/airflow/dags/dags_etl.py
[2026-09-23T12:51:40.282+0000] {processor.py:840} INFO - DAG(s) 'dag_project_de_etl_v04' retrieved from /opt/airflow/dags/dags_etl.py
[2026-09-23T12:51:40.321+0000] {logging_mixin.py:188} INFO - [2026-09-23T12:51:40.320+0000] {dag.py:3096} INFO - Sync 1 DAGs
[2026-09-23T12:51:40.338+0000] {logging_mixin.py:188} INFO - [2026-09-23T12:51:40.338+0000] {dag.py:3954} INFO - Setting next_dagrun for dag_project_de_etl_v04 to None, run_after=None
[2026-09-23T12:51:40.418+0000] {processor.py:183} INFO - Processing /opt/airflow/dags/dags_etl.py took 0.189 seconds
[2026-09-23T12:52:10.877+0000] {processor.py:161} INFO - Started process (PID=151) to work on /opt/airflow/dags/dags_etl.py
[2026-09-23T12:52:10.879+0000] {processor.py:830} INFO - Processing file /opt/airflow/dags/dags_etl.py for tasks to queue
[2026-09-23T12:52:10.882+0000] {logging_mixin.py:188} INFO - [2026-09-23T12:52:10.882+0000] {dagbag.py:545} INFO - Filling up the DagBag from /opt/airflow/dags/dags_etl.py
[2026-09-23T12:52:10.933+0000] {processor.py:840} INFO - DAG(s) 'dag_project_de_etl_v04' retrieved from /opt/airflow/dags/dags_etl.py
[2026-09-23T12:52:10.978+0000] {logging_mixin.py:188} INFO - [2026-09-23T12:52:10.977+0000] {dag.py:3096} INFO - Sync 1 DAGs
[2026-09-23T12:52:10.995+0000] {logging_mixin.py:188} INFO - [2026-09-23T12:52:10.995+0000] {dag.py:3954} INFO - Setting next_dagrun for dag_project_de_etl_v04 to None, run_after=None
[2026-09-23T12:52:11.080+0000] {processor.py:183} INFO - Processing /opt/airflow/dags/dags_etl.py took 0.209 seconds
[2026-09-23T12:52:41.532+0000] {processor.py:161} INFO - Started process (PID=152) to work on /opt/airflow/dags/dags_etl.py
[2026-09-23T12:52:41.534+0000] {processor.py:830} INFO - Processing file /opt/airflow/dags/dags_etl.py for tasks to queue
[2026-09-23T12:52:41.537+0000] {logging_mixin.py:188} INFO - [2026-09-23T12:52:41.537+0000] {dagbag.py:545} INFO - Filling up the DagBag from /opt/airflow/dags/dags_etl.py
[2026-09-23T12:52:41.583+0000] {processor.py:840} INFO - DAG(s) 'dag_project_de_etl_v04' retrieved from /opt/airflow/dags/dags_etl.py
[2026-09-23T12:52:41.631+0000] {logging_mixin.py:188} INFO - [2026-09-23T12:52:41.631+0000] {dag.py:3096} INFO - Sync 1 DAGs
[2026-09-23T12:52:41.649+0000] {logging_mixin.py:188} INFO - [2026-09-23T12:52:41.649+0000] {dag.py:3954} INFO - Setting next_dagrun for dag_project_de_etl_v04 to None, run_after=None
[2026-09-23T12:52:41.742+0000] {processor.py:183} INFO - Processing /opt/airflow/dags/dags_etl.py took 0.216 seconds
[2026-09-23T12:53:11.971+0000] {processor.py:161} INFO - Started process (PID=153) to work on /opt/airflow/dags/dags_etl.py
[2026-09-23T12:53:11.973+0000] {processor.py:830} INFO - Processing file /opt/airflow/dags/dags_etl.py for tasks to queue
[2026-09-23T12:53:11.976+0000] {logging_mixin.py:188} INFO - [2026-09-23T12:53:11.975+0000] {dagbag.py:545} INFO - Filling up the DagBag from /opt/airflow/dags/dags_etl.py
[2026-09-23T12:53:12.014+0000] {processor.py:840} INFO - DAG(s) 'dag_project_de_etl_v04' retrieved from /opt/airflow/dags/dags_etl.py
[2026-09-23T12:53:12.050+0000] {logging_mixin.py:188} INFO - [2026-09-23T12:53:12.050+0000] {dag.py:3096} INFO - Sync 1 DAGs
[2026-09-23T12:53:12.066+0000] {logging_mixin.py:188} INFO - [2026-09-23T12:53:12.066+0000] {dag.py:3954} INFO - Setting next_dagrun for dag_project_de_etl_v04 to None, run_after=None
[2026-09-23T12:53:12.159+0000] {processor.py:183} INFO - Processing /opt/airflow/dags/dags_etl.py took 0.194 seconds
[2026-09-23T12:53:42.633+0000] {processor.py:161} INFO - Started process (PID=154) to work on /opt/airflow/dags/dags_etl.py
[2026-09-23T12:53:42.635+0000] {processor.py:830} INFO - Processing file /opt/airflow/dags/dags_etl.py for tasks to queue
[2026-09-23T12:53:42.637+0000] {logging_mixin.py:188} INFO - [2026-09-23T12:53:42.637+0000] {dagbag.py:545} INFO - Filling up the DagBag from /opt/airflow/dags/dags_etl.py
[2026-09-23T12:53:42.676+0000] {processor.py:840} INFO - DAG(s) 'dag_project_de_etl_v04' retrieved from /opt/airflow/dags/dags_etl.py
[2026-09-23T12:53:42.713+0000] {logging_mixin.py:188} INFO - [2026-09-23T12:53:42.713+0000] {dag.py:3096} INFO - Sync 1 DAGs
[2026-09-23T12:53:42.730+0000] {logging_mixin.py:188} INFO - [2026-09-23T12:53:42.729+0000] {dag.py:3954} INFO - Setting next_dagrun for dag_project_de_etl_v04 to None, run_after=None
[2026-09-23T12:53:42.805+0000] {processor.py:183} INFO - Processing /opt/airflow/dags/dags_etl.py took 0.178 seconds
[2026-09-23T12:54:13.177+0000] {processor.py:161} INFO - Started process (PID=155) to work on /opt/airflow/dags/dags_etl.py
[2026-09-23T12:54:13.179+0000] {processor.py:830} INFO - Processing file /opt/airflow/dags/dags_etl.py for tasks to queue
[2026-09-23T12:54:13.181+0000] {logging_mixin.py:188} INFO - [2026-09-23T12:54:13.181+0000] {dagbag.py:545} INFO - Filling up the DagBag from /opt/airflow/dags/dags_etl.py
[2026-09-23T12:54:13.216+0000] {processor.py:840} INFO - DAG(s) 'dag_project_de_etl_v04' retrieved from /opt/airflow/dags/dags_etl.py
[2026-09-23T12:54:13.255+0000] {logging_mixin.py:188} INFO - [2026-09-23T12:54:13.255+0000] {dag.py:3096} INFO - Sync 1 DAGs
[2026-09-23T12:54:13.274+0000] {logging_mixin.py:188} INFO - [2026-09-23T12:54:13.273+0000] {dag.py:3954} INFO - Setting next_dagrun for dag_project_de_etl_v04 to None, run_after=None
[2026-09-23T12:54:13.360+0000] {processor.py:183} INFO - Processing /opt/airflow/dags/dags_etl.py took 0.189 seconds
[2026-09-23T12:54:43.783+0000] {processor.py:161} INFO - Started process (PID=156) to work on /opt/airflow/dags/dags_etl.py
[2026-09-23T12:54:43.785+0000] {processor.py:830} INFO - Processing file /opt/airflow/dags/dags_etl.py for tasks to queue
[2026-09-23T12:54:43.787+0000] {logging_mixin.py:188} INFO - [2026-09-23T12:54:43.787+0000] {dagbag.py:545} INFO - Filling up the DagBag from /opt/airflow/dags/dags_etl.py
[2026-09-23T12:54:43.824+0000] {processor.py:840} INFO - DAG(s) 'dag_project_de_etl_v04' retrieved from /opt/airflow/dags/dags_etl.py
[2026-09-23T12:54:43.861+0000] {logging_mixin.py:188} INFO - [2026-09-23T12:54:43.861+0000] {dag.py:3096} INFO - Sync 1 DAGs
[2026-09-23T12:54:43.878+0000] {logging_mixin.py:188} INFO - [2026-09-23T12:54:43.877+0000] {dag.py:3954} INFO - Setting next_dagrun for dag_project_de_etl_v04 to None, run_after=None
[2026-09-23T12:54:43.951+0000] {processor.py:183} INFO - Processing /opt/airflow/dags/dags_etl.py took 0.175 seconds
[2026-09-23T12:55:14.125+0000] {processor.py:161} INFO - Started process (PID=157) to work on /opt/airflow/dags/dags_etl.py
[2026-09-23T12:55:14.127+0000] {processor.py:830} INFO - Processing file /opt/airflow/dags/dags_etl.py for tasks to queue
[2026-09-23T12:55:14.130+0000] {logging_mixin.py:188} INFO - [2026-09-23T12:55:14.129+0000] {dagbag.py:545} INFO - Filling up the DagBag from /opt/airflow/dags/dags_etl.py
[2026-09-23T12:55:14.168+0000] {processor.py:840} INFO - DAG(s) 'dag_project_de_etl_v04' retrieved from /opt/airflow/dags/dags_etl.py
[2026-09-23T12:55:14.206+0000] {logging_mixin.py:188} INFO - [2026-09-23T12:55:14.206+0000] {dag.py:3096} INFO - Sync 1 DAGs
[2026-09-23T12:55:14.222+0000] {logging_mixin.py:188} INFO - [2026-09-23T12:55:14.222+0000] {dag.py:3954} INFO - Setting next_dagrun for dag_project_de_etl_v04 to None, run_after=None
[2026-09-23T12:55:14.296+0000] {processor.py:183} INFO - Processing /opt/airflow/dags/dags_etl.py took 0.177 seconds
[2026-09-23T12:55:44.566+0000] {processor.py:161} INFO - Started process (PID=158) to work on /opt/airflow/dags/dags_etl.py
[2026-09-23T12:55:44.568+0000] {processor.py:830} INFO - Processing file /opt/airflow/dags/dags_etl.py for tasks to queue
[2026-09-23T12:55:44.571+0000] {logging_mixin.py:188} INFO - [2026-09-23T12:55:44.571+0000] {dagbag.py:545} INFO - Filling up the DagBag from /opt/airflow/dags/dags_etl.py
[2026-09-23T12:55:44.622+0000] {processor.py:840} INFO - DAG(s) 'dag_project_de_etl_v04' retrieved from /opt/airflow/dags/dags_etl.py
[2026-09-23T12:55:44.671+0000] {logging_mixin.py:188} INFO - [2026-09-23T12:55:44.671+0000] {dag.py:3096} INFO - Sync 1 DAGs
[2026-09-23T12:55:44.687+0000] {logging_mixin.py:188} INFO - [2026-09-23T12:55:44.687+0000] {dag.py:3954} INFO - Setting next_dagrun for dag_project_de_etl_v04 to None, run_after=None
[2026-09-23T12:55:44.766+0000] {processor.py:183} INFO - Processing /opt/airflow/dags/dags_etl.py took 0.212 seconds
[2026-09-23T12:56:15.171+0000] {processor.py:161} INFO - Started process (PID=159) to work on /opt/airflow/dags/dags_etl.py
[2026-09-23T12:56:15.175+0000] {processor.py:830} INFO - Processing file /opt/airflow/dags/dags_etl.py for tasks to queue
[2026-09-23T12:56:15.179+0000] {logging_mixin.py:188} INFO - [2026-09-23T12:56:15.178+0000] {dagbag.py:545} INFO - Filling up the DagBag from /opt/airflow/dags/dags_etl.py
[2026-09-23T12:56:15.216+0000] {processor.py:840} INFO - DAG(s) 'dag_project_de_etl_v04' retrieved from /opt/airflow/dags/dags_etl.py
[2026-09-23T12:56:15.253+0000] {logging_mixin.py:188} INFO - [2026-09-23T12:56:15.253+0000] {dag.py:3096} INFO - Sync 1 DAGs
[2026-09-23T12:56:15.268+0000] {logging_mixin.py:188} INFO - [2026-09-23T12:56:15.268+0000] {dag.py:3954} INFO - Setting next_dagrun for dag_project_de_etl_v04 to None, run_after=None
[2026-09-23T12:56:15.347+0000] {processor.py:183} INFO - Processing /opt/airflow/dags/dags_etl.py took 0.189 seconds
[2026-09-23T12:56:45.756+0000] {processor.py:161} INFO - Started process (PID=160) to work on /opt/airflow/dags/dags_etl.py
[2026-09-23T12:56:45.757+0000] {processor.py:830} INFO - Processing file /opt/airflow/dags/dags_etl.py for tasks to queue
[2026-09-23T12:56:45.760+0000] {logging_mixin.py:188} INFO - [2026-09-23T12:56:45.760+0000] {dagbag.py:545} INFO - Filling up the DagBag from /opt/airflow/dags/dags_etl.py
[2026-09-23T12:56:45.793+0000] {processor.py:840} INFO - DAG(s) 'dag_project_de_etl_v04' retrieved from /opt/airflow/dags/dags_etl.py
[2026-09-23T12:56:45.827+0000] {logging_mixin.py:188} INFO - [2026-09-23T12:56:45.826+0000] {dag.py:3096} INFO - Sync 1 DAGs
[2026-09-23T12:56:45.841+0000] {logging_mixin.py:188} INFO - [2026-09-23T12:56:45.841+0000] {dag.py:3954} INFO - Setting next_dagrun for dag_project_de_etl_v04 to None, run_after=None
[2026-09-23T12:56:45.915+0000] {processor.py:183} INFO - Processing /opt/airflow/dags/dags_etl.py took 0.165 seconds
[2026-09-23T12:57:16.184+0000] {processor.py:161} INFO - Started process (PID=161) to work on /opt/airflow/dags/dags_etl.py
[2026-09-23T12:57:16.186+0000] {processor.py:830} INFO - Processing file /opt/airflow/dags/dags_etl.py for tasks to queue
[2026-09-23T12:57:16.188+0000] {logging_mixin.py:188} INFO - [2026-09-23T12:57:16.188+0000] {dagbag.py:545} INFO - Filling up the DagBag from /opt/airflow/dags/dags_etl.py
[2026-09-23T12:57:16.226+0000] {processor.py:840} INFO - DAG(s) 'dag_project_de_etl_v04' retrieved from /opt/airflow/dags/dags_etl.py
[2026-09-23T12:57:16.263+0000] {logging_mixin.py:188} INFO - [2026-09-23T12:57:16.262+0000] {dag.py:3096} INFO - Sync 1 DAGs
[2026-09-23T12:57:16.279+0000] {logging_mixin.py:188} INFO - [2026-09-23T12:57:16.278+0000] {dag.py:3954} INFO - Setting next_dagrun for dag_project_de_etl_v04 to None, run_after=None
[2026-09-23T12:57:16.353+0000] {processor.py:183} INFO - Processing /opt/airflow/dags/dags_etl.py took 0.175 seconds
[2026-09-23T12:57:46.606+0000] {processor.py:161} INFO - Started process (PID=162) to work on /opt/airflow/dags/dags_etl.py
[2026-09-23T12:57:46.608+0000] {processor.py:830} INFO - Processing file /opt/airflow/dags/dags_etl.py for tasks to queue
[2026-09-23T12:57:46.610+0000] {logging_mixin.py:188} INFO - [2026-09-23T12:57:46.610+0000] {dagbag.py:545} INFO - Filling up the DagBag from /opt/airflow/dags/dags_etl.py
[2026-09-23T12:57:46.648+0000] {processor.py:840} INFO - DAG(s) 'dag_project_de_etl_v04' retrieved from /opt/airflow/dags/dags_etl.py
[2026-09-23T12:57:46.683+0000] {logging_mixin.py:188} INFO - [2026-09-23T12:57:46.683+0000] {dag.py:3096} INFO - Sync 1 DAGs
[2026-09-23T12:57:46.699+0000] {logging_mixin.py:188} INFO - [2026-09-23T12:57:46.699+0000] {dag.py:3954} INFO - Setting next_dagrun for dag_project_de_etl_v04 to None, run_after=None
[2026-09-23T12:57:46.777+0000] {processor.py:183} INFO - Processing /opt/airflow/dags/dags_etl.py took 0.177 seconds
[2026-09-23T12:58:17.094+0000] {processor.py:161} INFO - Started process (PID=163) to work on /opt/airflow/dags/dags_etl.py
[2026-09-23T12:58:17.096+0000] {processor.py:830} INFO - Processing file /opt/airflow/dags/dags_etl.py for tasks to queue
[2026-09-23T12:58:17.099+0000] {logging_mixin.py:188} INFO - [2026-09-23T12:58:17.098+0000] {dagbag.py:545} INFO - Filling up the DagBag from /opt/airflow/dags/dags_etl.py
[2026-09-23T12:58:17.133+0000] {processor.py:840} INFO - DAG(s) 'dag_project_de_etl_v04' retrieved from /opt/airflow/dags/dags_etl.py
[2026-09-23T12:58:17.167+0000] {logging_mixin.py:188} INFO - [2026-09-23T12:58:17.167+0000] {dag.py:3096} INFO - Sync 1 DAGs
[2026-09-23T12:58:17.182+0000] {logging_mixin.py:188} INFO - [2026-09-23T12:58:17.182+0000] {dag.py:3954} INFO - Setting next_dagrun for dag_project_de_etl_v04 to None, run_after=None
[2026-09-23T12:58:17.262+0000] {processor.py:183} INFO - Processing /opt/airflow/dags/dags_etl.py took 0.173 seconds
[2026-09-23T12:58:47.430+0000] {processor.py:161} INFO - Started process (PID=164) to work on /opt/airflow/dags/dags_etl.py
[2026-09-23T12:58:47.432+0000] {processor.py:830} INFO - Processing file /opt/airflow/dags/dags_etl.py for tasks to queue
[2026-09-23T12:58:47.434+0000] {logging_mixin.py:188} INFO - [2026-09-23T12:58:47.434+0000] {dagbag.py:545} INFO - Filling up the DagBag from /opt/airflow/dags/dags_etl.py
[2026-09-23T12:58:47.470+0000] {processor.py:840} INFO - DAG(s) 'dag_project_de_etl_v04' retrieved from /opt/airflow/dags/dags_etl.py
[2026-09-23T12:58:47.507+0000] {logging_mixin.py:188} INFO - [2026-09-23T12:58:47.506+0000] {dag.py:3096} INFO - Sync 1 DAGs
[2026-09-23T12:58:47.523+0000] {logging_mixin.py:188} INFO - [2026-09-23T12:58:47.523+0000] {dag.py:3954} INFO - Setting next_dagrun for dag_project_de_etl_v04 to None, run_after=None
[2026-09-23T12:58:47.603+0000] {processor.py:183} INFO - Processing /opt/airflow/dags/dags_etl.py took 0.178 seconds
[2026-09-23T12:59:18.048+0000] {processor.py:161} INFO - Started process (PID=165) to work on /opt/airflow/dags/dags_etl.py
[2026-09-23T12:59:18.051+0000] {processor.py:830} INFO - Processing file /opt/airflow/dags/dags_etl.py for tasks to queue
[2026-09-23T12:59:18.057+0000] {logging_mixin.py:188} INFO - [2026-09-23T12:59:18.055+0000] {dagbag.py:545} INFO - Filling up the DagBag from /opt/airflow/dags/dags_etl.py
[2026-09-23T12:59:18.166+0000] {processor.py:840} INFO - DAG(s) 'dag_project_de_etl_v04' retrieved from /opt/airflow/dags/dags_etl.py
[2026-09-23T12:59:18.255+0000] {logging_mixin.py:188} INFO - [2026-09-23T12:59:18.255+0000] {dag.py:3096} INFO - Sync 1 DAGs
[2026-09-23T12:59:18.305+0000] {logging_mixin.py:188} INFO - [2026-09-23T12:59:18.304+0000] {dag.py:3954} INFO - Setting next_dagrun for dag_project_de_etl_v04 to None, run_after=None
[2026-09-23T12:59:18.455+0000] {processor.py:183} INFO - Processing /opt/airflow/dags/dags_etl.py took 0.427 seconds
[2026-09-23T12:59:48.793+0000] {processor.py:161} INFO - Started process (PID=166) to work on /opt/airflow/dags/dags_etl.py
[2026-09-23T12:59:48.795+0000] {processor.py:830} INFO - Processing file /opt/airflow/dags/dags_etl.py for tasks to queue
[2026-09-23T12:59:48.799+0000] {logging_mixin.py:188} INFO - [2026-09-23T12:59:48.798+0000] {dagbag.py:545} INFO - Filling up the DagBag from /opt/airflow/dags/dags_etl.py
[2026-09-23T12:59:48.847+0000] {processor.py:840} INFO - DAG(s) 'dag_project_de_etl_v04' retrieved from /opt/airflow/dags/dags_etl.py
[2026-09-23T12:59:48.895+0000] {logging_mixin.py:188} INFO - [2026-09-23T12:59:48.894+0000] {dag.py:3096} INFO - Sync 1 DAGs
[2026-09-23T12:59:48.917+0000] {logging_mixin.py:188} INFO - [2026-09-23T12:59:48.916+0000] {dag.py:3954} INFO - Setting next_dagrun for dag_project_de_etl_v04 to None, run_after=None
[2026-09-23T12:59:49.004+0000] {processor.py:183} INFO - Processing /opt/airflow/dags/dags_etl.py took 0.222 seconds
[2026-09-23T13:00:19.404+0000] {processor.py:161} INFO - Started process (PID=167) to work on /opt/airflow/dags/dags_etl.py
[2026-09-23T13:00:19.406+0000] {processor.py:830} INFO - Processing file /opt/airflow/dags/dags_etl.py for tasks to queue
[2026-09-23T13:00:19.410+0000] {logging_mixin.py:188} INFO - [2026-09-23T13:00:19.409+0000] {dagbag.py:545} INFO - Filling up the DagBag from /opt/airflow/dags/dags_etl.py
[2026-09-23T13:00:19.458+0000] {processor.py:840} INFO - DAG(s) 'dag_project_de_etl_v04' retrieved from /opt/airflow/dags/dags_etl.py
[2026-09-23T13:00:19.506+0000] {logging_mixin.py:188} INFO - [2026-09-23T13:00:19.505+0000] {dag.py:3096} INFO - Sync 1 DAGs
[2026-09-23T13:00:19.522+0000] {logging_mixin.py:188} INFO - [2026-09-23T13:00:19.522+0000] {dag.py:3954} INFO - Setting next_dagrun for dag_project_de_etl_v04 to None, run_after=None
[2026-09-23T13:00:19.607+0000] {processor.py:183} INFO - Processing /opt/airflow/dags/dags_etl.py took 0.211 seconds
[2026-09-23T13:00:49.924+0000] {processor.py:161} INFO - Started process (PID=168) to work on /opt/airflow/dags/dags_etl.py
[2026-09-23T13:00:49.925+0000] {processor.py:830} INFO - Processing file /opt/airflow/dags/dags_etl.py for tasks to queue
[2026-09-23T13:00:49.928+0000] {logging_mixin.py:188} INFO - [2026-09-23T13:00:49.928+0000] {dagbag.py:545} INFO - Filling up the DagBag from /opt/airflow/dags/dags_etl.py
[2026-09-23T13:00:49.968+0000] {processor.py:840} INFO - DAG(s) 'dag_project_de_etl_v04' retrieved from /opt/airflow/dags/dags_etl.py
[2026-09-23T13:00:50.005+0000] {logging_mixin.py:188} INFO - [2026-09-23T13:00:50.004+0000] {dag.py:3096} INFO - Sync 1 DAGs
[2026-09-23T13:00:50.020+0000] {logging_mixin.py:188} INFO - [2026-09-23T13:00:50.019+0000] {dag.py:3954} INFO - Setting next_dagrun for dag_project_de_etl_v04 to None, run_after=None
[2026-09-23T13:00:50.096+0000] {processor.py:183} INFO - Processing /opt/airflow/dags/dags_etl.py took 0.178 seconds
[2026-09-23T13:01:20.288+0000] {processor.py:161} INFO - Started process (PID=169) to work on /opt/airflow/dags/dags_etl.py
[2026-09-23T13:01:20.289+0000] {processor.py:830} INFO - Processing file /opt/airflow/dags/dags_etl.py for tasks to queue
[2026-09-23T13:01:20.292+0000] {logging_mixin.py:188} INFO - [2026-09-23T13:01:20.292+0000] {dagbag.py:545} INFO - Filling up the DagBag from /opt/airflow/dags/dags_etl.py
[2026-09-23T13:01:20.328+0000] {processor.py:840} INFO - DAG(s) 'dag_project_de_etl_v04' retrieved from /opt/airflow/dags/dags_etl.py
[2026-09-23T13:01:20.363+0000] {logging_mixin.py:188} INFO - [2026-09-23T13:01:20.362+0000] {dag.py:3096} INFO - Sync 1 DAGs
[2026-09-23T13:01:20.378+0000] {logging_mixin.py:188} INFO - [2026-09-23T13:01:20.377+0000] {dag.py:3954} INFO - Setting next_dagrun for dag_project_de_etl_v04 to None, run_after=None
[2026-09-23T13:01:20.462+0000] {processor.py:183} INFO - Processing /opt/airflow/dags/dags_etl.py took 0.180 seconds
[2026-09-23T13:01:50.759+0000] {processor.py:161} INFO - Started process (PID=170) to work on /opt/airflow/dags/dags_etl.py
[2026-09-23T13:01:50.760+0000] {processor.py:830} INFO - Processing file /opt/airflow/dags/dags_etl.py for tasks to queue
[2026-09-23T13:01:50.763+0000] {logging_mixin.py:188} INFO - [2026-09-23T13:01:50.762+0000] {dagbag.py:545} INFO - Filling up the DagBag from /opt/airflow/dags/dags_etl.py
[2026-09-23T13:01:50.798+0000] {processor.py:840} INFO - DAG(s) 'dag_project_de_etl_v04' retrieved from /opt/airflow/dags/dags_etl.py
[2026-09-23T13:01:50.835+0000] {logging_mixin.py:188} INFO - [2026-09-23T13:01:50.835+0000] {dag.py:3096} INFO - Sync 1 DAGs
[2026-09-23T13:01:50.855+0000] {logging_mixin.py:188} INFO - [2026-09-23T13:01:50.855+0000] {dag.py:3954} INFO - Setting next_dagrun for dag_project_de_etl_v04 to None, run_after=None
[2026-09-23T13:01:50.940+0000] {processor.py:183} INFO - Processing /opt/airflow/dags/dags_etl.py took 0.187 seconds
[2026-09-23T13:02:21.169+0000] {processor.py:161} INFO - Started process (PID=171) to work on /opt/airflow/dags/dags_etl.py
[2026-09-23T13:02:21.170+0000] {processor.py:830} INFO - Processing file /opt/airflow/dags/dags_etl.py for tasks to queue
[2026-09-23T13:02:21.172+0000] {logging_mixin.py:188} INFO - [2026-09-23T13:02:21.172+0000] {dagbag.py:545} INFO - Filling up the DagBag from /opt/airflow/dags/dags_etl.py
[2026-09-23T13:02:21.207+0000] {processor.py:840} INFO - DAG(s) 'dag_project_de_etl_v04' retrieved from /opt/airflow/dags/dags_etl.py
[2026-09-23T13:02:21.240+0000] {logging_mixin.py:188} INFO - [2026-09-23T13:02:21.239+0000] {dag.py:3096} INFO - Sync 1 DAGs
[2026-09-23T13:02:21.254+0000] {logging_mixin.py:188} INFO - [2026-09-23T13:02:21.254+0000] {dag.py:3954} INFO - Setting next_dagrun for dag_project_de_etl_v04 to None, run_after=None
[2026-09-23T13:02:21.323+0000] {processor.py:183} INFO - Processing /opt/airflow/dags/dags_etl.py took 0.159 seconds
[2026-09-23T13:02:51.540+0000] {processor.py:161} INFO - Started process (PID=172) to work on /opt/airflow/dags/dags_etl.py
[2026-09-23T13:02:51.542+0000] {processor.py:830} INFO - Processing file /opt/airflow/dags/dags_etl.py for tasks to queue
[2026-09-23T13:02:51.544+0000] {logging_mixin.py:188} INFO - [2026-09-23T13:02:51.544+0000] {dagbag.py:545} INFO - Filling up the DagBag from /opt/airflow/dags/dags_etl.py
[2026-09-23T13:02:51.577+0000] {processor.py:840} INFO - DAG(s) 'dag_project_de_etl_v04' retrieved from /opt/airflow/dags/dags_etl.py
[2026-09-23T13:02:51.613+0000] {logging_mixin.py:188} INFO - [2026-09-23T13:02:51.613+0000] {dag.py:3096} INFO - Sync 1 DAGs
[2026-09-23T13:02:51.631+0000] {logging_mixin.py:188} INFO - [2026-09-23T13:02:51.631+0000] {dag.py:3954} INFO - Setting next_dagrun for dag_project_de_etl_v04 to None, run_after=None
[2026-09-23T13:02:51.713+0000] {processor.py:183} INFO - Processing /opt/airflow/dags/dags_etl.py took 0.178 seconds
[2026-09-23T13:03:21.938+0000] {processor.py:161} INFO - Started process (PID=173) to work on /opt/airflow/dags/dags_etl.py
[2026-09-23T13:03:21.939+0000] {processor.py:830} INFO - Processing file /opt/airflow/dags/dags_etl.py for tasks to queue
[2026-09-23T13:03:21.941+0000] {logging_mixin.py:188} INFO - [2026-09-23T13:03:21.941+0000] {dagbag.py:545} INFO - Filling up the DagBag from /opt/airflow/dags/dags_etl.py
[2026-09-23T13:03:21.976+0000] {processor.py:840} INFO - DAG(s) 'dag_project_de_etl_v04' retrieved from /opt/airflow/dags/dags_etl.py
[2026-09-23T13:03:22.012+0000] {logging_mixin.py:188} INFO - [2026-09-23T13:03:22.012+0000] {dag.py:3096} INFO - Sync 1 DAGs
[2026-09-23T13:03:22.028+0000] {logging_mixin.py:188} INFO - [2026-09-23T13:03:22.028+0000] {dag.py:3954} INFO - Setting next_dagrun for dag_project_de_etl_v04 to None, run_after=None
[2026-09-23T13:03:22.101+0000] {processor.py:183} INFO - Processing /opt/airflow/dags/dags_etl.py took 0.169 seconds
[2026-09-23T13:03:52.339+0000] {processor.py:161} INFO - Started process (PID=174) to work on /opt/airflow/dags/dags_etl.py
[2026-09-23T13:03:52.341+0000] {processor.py:830} INFO - Processing file /opt/airflow/dags/dags_etl.py for tasks to queue
[2026-09-23T13:03:52.344+0000] {logging_mixin.py:188} INFO - [2026-09-23T13:03:52.343+0000] {dagbag.py:545} INFO - Filling up the DagBag from /opt/airflow/dags/dags_etl.py
[2026-09-23T13:03:52.378+0000] {processor.py:840} INFO - DAG(s) 'dag_project_de_etl_v04' retrieved from /opt/airflow/dags/dags_etl.py
[2026-09-23T13:03:52.412+0000] {logging_mixin.py:188} INFO - [2026-09-23T13:03:52.411+0000] {dag.py:3096} INFO - Sync 1 DAGs
[2026-09-23T13:03:52.427+0000] {logging_mixin.py:188} INFO - [2026-09-23T13:03:52.427+0000] {dag.py:3954} INFO - Setting next_dagrun for dag_project_de_etl_v04 to None, run_after=None
[2026-09-23T13:03:52.503+0000] {processor.py:183} INFO - Processing /opt/airflow/dags/dags_etl.py took 0.170 seconds
[2026-09-23T13:04:22.746+0000] {processor.py:161} INFO - Started process (PID=175) to work on /opt/airflow/dags/dags_etl.py
[2026-09-23T13:04:22.748+0000] {processor.py:830} INFO - Processing file /opt/airflow/dags/dags_etl.py for tasks to queue
[2026-09-23T13:04:22.751+0000] {logging_mixin.py:188} INFO - [2026-09-23T13:04:22.750+0000] {dagbag.py:545} INFO - Filling up the DagBag from /opt/airflow/dags/dags_etl.py
[2026-09-23T13:04:22.783+0000] {processor.py:840} INFO - DAG(s) 'dag_project_de_etl_v04' retrieved from /opt/airflow/dags/dags_etl.py
[2026-09-23T13:04:22.815+0000] {logging_mixin.py:188} INFO - [2026-09-23T13:04:22.815+0000] {dag.py:3096} INFO - Sync 1 DAGs
[2026-09-23T13:04:22.833+0000] {logging_mixin.py:188} INFO - [2026-09-23T13:04:22.833+0000] {dag.py:3954} INFO - Setting next_dagrun for dag_project_de_etl_v04 to None, run_after=None
[2026-09-23T13:04:22.904+0000] {processor.py:183} INFO - Processing /opt/airflow/dags/dags_etl.py took 0.163 seconds
[2026-09-23T13:04:53.149+0000] {processor.py:161} INFO - Started process (PID=176) to work on /opt/airflow/dags/dags_etl.py
[2026-09-23T13:04:53.151+0000] {processor.py:830} INFO - Processing file /opt/airflow/dags/dags_etl.py for tasks to queue
[2026-09-23T13:04:53.154+0000] {logging_mixin.py:188} INFO - [2026-09-23T13:04:53.154+0000] {dagbag.py:545} INFO - Filling up the DagBag from /opt/airflow/dags/dags_etl.py
[2026-09-23T13:04:53.195+0000] {processor.py:840} INFO - DAG(s) 'dag_project_de_etl_v04' retrieved from /opt/airflow/dags/dags_etl.py
[2026-09-23T13:04:53.236+0000] {logging_mixin.py:188} INFO - [2026-09-23T13:04:53.236+0000] {dag.py:3096} INFO - Sync 1 DAGs
[2026-09-23T13:04:53.254+0000] {logging_mixin.py:188} INFO - [2026-09-23T13:04:53.253+0000] {dag.py:3954} INFO - Setting next_dagrun for dag_project_de_etl_v04 to None, run_after=None
[2026-09-23T13:04:53.338+0000] {processor.py:183} INFO - Processing /opt/airflow/dags/dags_etl.py took 0.194 seconds
[2026-09-23T13:05:23.655+0000] {processor.py:161} INFO - Started process (PID=177) to work on /opt/airflow/dags/dags_etl.py
[2026-09-23T13:05:23.657+0000] {processor.py:830} INFO - Processing file /opt/airflow/dags/dags_etl.py for tasks to queue
[2026-09-23T13:05:23.660+0000] {logging_mixin.py:188} INFO - [2026-09-23T13:05:23.659+0000] {dagbag.py:545} INFO - Filling up the DagBag from /opt/airflow/dags/dags_etl.py
[2026-09-23T13:05:23.703+0000] {processor.py:840} INFO - DAG(s) 'dag_project_de_etl_v04' retrieved from /opt/airflow/dags/dags_etl.py
[2026-09-23T13:05:23.750+0000] {logging_mixin.py:188} INFO - [2026-09-23T13:05:23.749+0000] {dag.py:3096} INFO - Sync 1 DAGs
[2026-09-23T13:05:23.765+0000] {logging_mixin.py:188} INFO - [2026-09-23T13:05:23.765+0000] {dag.py:3954} INFO - Setting next_dagrun for dag_project_de_etl_v04 to None, run_after=None
[2026-09-23T13:05:23.847+0000] {processor.py:183} INFO - Processing /opt/airflow/dags/dags_etl.py took 0.202 seconds
[2026-09-23T13:05:54.022+0000] {processor.py:161} INFO - Started process (PID=178) to work on /opt/airflow/dags/dags_etl.py
[2026-09-23T13:05:54.023+0000] {processor.py:830} INFO - Processing file /opt/airflow/dags/dags_etl.py for tasks to queue
[2026-09-23T13:05:54.026+0000] {logging_mixin.py:188} INFO - [2026-09-23T13:05:54.025+0000] {dagbag.py:545} INFO - Filling up the DagBag from /opt/airflow/dags/dags_etl.py
[2026-09-23T13:05:54.061+0000] {processor.py:840} INFO - DAG(s) 'dag_project_de_etl_v04' retrieved from /opt/airflow/dags/dags_etl.py
[2026-09-23T13:05:54.097+0000] {logging_mixin.py:188} INFO - [2026-09-23T13:05:54.096+0000] {dag.py:3096} INFO - Sync 1 DAGs
[2026-09-23T13:05:54.112+0000] {logging_mixin.py:188} INFO - [2026-09-23T13:05:54.112+0000] {dag.py:3954} INFO - Setting next_dagrun for dag_project_de_etl_v04 to None, run_after=None
[2026-09-23T13:05:54.188+0000] {processor.py:183} INFO - Processing /opt/airflow/dags/dags_etl.py took 0.171 seconds
[2026-09-23T13:06:24.418+0000] {processor.py:161} INFO - Started process (PID=179) to work on /opt/airflow/dags/dags_etl.py
[2026-09-23T13:06:24.420+0000] {processor.py:830} INFO - Processing file /opt/airflow/dags/dags_etl.py for tasks to queue
[2026-09-23T13:06:24.422+0000] {logging_mixin.py:188} INFO - [2026-09-23T13:06:24.422+0000] {dagbag.py:545} INFO - Filling up the DagBag from /opt/airflow/dags/dags_etl.py
[2026-09-23T13:06:24.456+0000] {processor.py:840} INFO - DAG(s) 'dag_project_de_etl_v04' retrieved from /opt/airflow/dags/dags_etl.py
[2026-09-23T13:06:24.492+0000] {logging_mixin.py:188} INFO - [2026-09-23T13:06:24.492+0000] {dag.py:3096} INFO - Sync 1 DAGs
[2026-09-23T13:06:24.508+0000] {logging_mixin.py:188} INFO - [2026-09-23T13:06:24.507+0000] {dag.py:3954} INFO - Setting next_dagrun for dag_project_de_etl_v04 to None, run_after=None
[2026-09-23T13:06:24.578+0000] {processor.py:183} INFO - Processing /opt/airflow/dags/dags_etl.py took 0.166 seconds
[2026-09-23T13:06:54.816+0000] {processor.py:161} INFO - Started process (PID=180) to work on /opt/airflow/dags/dags_etl.py
[2026-09-23T13:06:54.817+0000] {processor.py:830} INFO - Processing file /opt/airflow/dags/dags_etl.py for tasks to queue
[2026-09-23T13:06:54.820+0000] {logging_mixin.py:188} INFO - [2026-09-23T13:06:54.820+0000] {dagbag.py:545} INFO - Filling up the DagBag from /opt/airflow/dags/dags_etl.py
[2026-09-23T13:06:54.854+0000] {processor.py:840} INFO - DAG(s) 'dag_project_de_etl_v04' retrieved from /opt/airflow/dags/dags_etl.py
[2026-09-23T13:06:54.887+0000] {logging_mixin.py:188} INFO - [2026-09-23T13:06:54.887+0000] {dag.py:3096} INFO - Sync 1 DAGs
[2026-09-23T13:06:54.901+0000] {logging_mixin.py:188} INFO - [2026-09-23T13:06:54.901+0000] {dag.py:3954} INFO - Setting next_dagrun for dag_project_de_etl_v04 to None, run_after=None
[2026-09-23T13:06:54.973+0000] {processor.py:183} INFO - Processing /opt/airflow/dags/dags_etl.py took 0.162 seconds
[2026-09-23T13:07:25.221+0000] {processor.py:161} INFO - Started process (PID=181) to work on /opt/airflow/dags/dags_etl.py
[2026-09-23T13:07:25.223+0000] {processor.py:830} INFO - Processing file /opt/airflow/dags/dags_etl.py for tasks to queue
[2026-09-23T13:07:25.225+0000] {logging_mixin.py:188} INFO - [2026-09-23T13:07:25.225+0000] {dagbag.py:545} INFO - Filling up the DagBag from /opt/airflow/dags/dags_etl.py
[2026-09-23T13:07:25.262+0000] {processor.py:840} INFO - DAG(s) 'dag_project_de_etl_v04' retrieved from /opt/airflow/dags/dags_etl.py
[2026-09-23T13:07:25.299+0000] {logging_mixin.py:188} INFO - [2026-09-23T13:07:25.299+0000] {dag.py:3096} INFO - Sync 1 DAGs
[2026-09-23T13:07:25.314+0000] {logging_mixin.py:188} INFO - [2026-09-23T13:07:25.314+0000] {dag.py:3954} INFO - Setting next_dagrun for dag_project_de_etl_v04 to None, run_after=None
[2026-09-23T13:07:25.395+0000] {processor.py:183} INFO - Processing /opt/airflow/dags/dags_etl.py took 0.179 seconds
[2026-09-23T13:07:55.619+0000] {processor.py:161} INFO - Started process (PID=182) to work on /opt/airflow/dags/dags_etl.py
[2026-09-23T13:07:55.620+0000] {processor.py:830} INFO - Processing file /opt/airflow/dags/dags_etl.py for tasks to queue
[2026-09-23T13:07:55.623+0000] {logging_mixin.py:188} INFO - [2026-09-23T13:07:55.622+0000] {dagbag.py:545} INFO - Filling up the DagBag from /opt/airflow/dags/dags_etl.py
[2026-09-23T13:07:55.656+0000] {processor.py:840} INFO - DAG(s) 'dag_project_de_etl_v04' retrieved from /opt/airflow/dags/dags_etl.py
[2026-09-23T13:07:55.688+0000] {logging_mixin.py:188} INFO - [2026-09-23T13:07:55.688+0000] {dag.py:3096} INFO - Sync 1 DAGs
[2026-09-23T13:07:55.703+0000] {logging_mixin.py:188} INFO - [2026-09-23T13:07:55.703+0000] {dag.py:3954} INFO - Setting next_dagrun for dag_project_de_etl_v04 to None, run_after=None
[2026-09-23T13:07:55.769+0000] {processor.py:183} INFO - Processing /opt/airflow/dags/dags_etl.py took 0.155 seconds
[2026-09-23T13:08:26.014+0000] {processor.py:161} INFO - Started process (PID=183) to work on /opt/airflow/dags/dags_etl.py
[2026-09-23T13:08:26.016+0000] {processor.py:830} INFO - Processing file /opt/airflow/dags/dags_etl.py for tasks to queue
[2026-09-23T13:08:26.018+0000] {logging_mixin.py:188} INFO - [2026-09-23T13:08:26.018+0000] {dagbag.py:545} INFO - Filling up the DagBag from /opt/airflow/dags/dags_etl.py
[2026-09-23T13:08:26.052+0000] {processor.py:840} INFO - DAG(s) 'dag_project_de_etl_v04' retrieved from /opt/airflow/dags/dags_etl.py
[2026-09-23T13:08:26.086+0000] {logging_mixin.py:188} INFO - [2026-09-23T13:08:26.086+0000] {dag.py:3096} INFO - Sync 1 DAGs
[2026-09-23T13:08:26.101+0000] {logging_mixin.py:188} INFO - [2026-09-23T13:08:26.101+0000] {dag.py:3954} INFO - Setting next_dagrun for dag_project_de_etl_v04 to None, run_after=None
[2026-09-23T13:08:26.182+0000] {processor.py:183} INFO - Processing /opt/airflow/dags/dags_etl.py took 0.174 seconds
[2026-09-23T13:08:56.418+0000] {processor.py:161} INFO - Started process (PID=184) to work on /opt/airflow/dags/dags_etl.py
[2026-09-23T13:08:56.419+0000] {processor.py:830} INFO - Processing file /opt/airflow/dags/dags_etl.py for tasks to queue
[2026-09-23T13:08:56.422+0000] {logging_mixin.py:188} INFO - [2026-09-23T13:08:56.422+0000] {dagbag.py:545} INFO - Filling up the DagBag from /opt/airflow/dags/dags_etl.py
[2026-09-23T13:08:56.459+0000] {processor.py:840} INFO - DAG(s) 'dag_project_de_etl_v04' retrieved from /opt/airflow/dags/dags_etl.py
[2026-09-23T13:08:56.499+0000] {logging_mixin.py:188} INFO - [2026-09-23T13:08:56.498+0000] {dag.py:3096} INFO - Sync 1 DAGs
[2026-09-23T13:08:56.516+0000] {logging_mixin.py:188} INFO - [2026-09-23T13:08:56.516+0000] {dag.py:3954} INFO - Setting next_dagrun for dag_project_de_etl_v04 to None, run_after=None
[2026-09-23T13:08:56.598+0000] {processor.py:183} INFO - Processing /opt/airflow/dags/dags_etl.py took 0.187 seconds
[2026-09-23T13:09:26.911+0000] {processor.py:161} INFO - Started process (PID=185) to work on /opt/airflow/dags/dags_etl.py
[2026-09-23T13:09:26.913+0000] {processor.py:830} INFO - Processing file /opt/airflow/dags/dags_etl.py for tasks to queue
[2026-09-23T13:09:26.916+0000] {logging_mixin.py:188} INFO - [2026-09-23T13:09:26.915+0000] {dagbag.py:545} INFO - Filling up the DagBag from /opt/airflow/dags/dags_etl.py
[2026-09-23T13:09:26.950+0000] {processor.py:840} INFO - DAG(s) 'dag_project_de_etl_v04' retrieved from /opt/airflow/dags/dags_etl.py
[2026-09-23T13:09:26.987+0000] {logging_mixin.py:188} INFO - [2026-09-23T13:09:26.987+0000] {dag.py:3096} INFO - Sync 1 DAGs
[2026-09-23T13:09:27.002+0000] {logging_mixin.py:188} INFO - [2026-09-23T13:09:27.002+0000] {dag.py:3954} INFO - Setting next_dagrun for dag_project_de_etl_v04 to None, run_after=None
[2026-09-23T13:09:27.084+0000] {processor.py:183} INFO - Processing /opt/airflow/dags/dags_etl.py took 0.179 seconds
[2026-09-23T13:09:57.305+0000] {processor.py:161} INFO - Started process (PID=186) to work on /opt/airflow/dags/dags_etl.py
[2026-09-23T13:09:57.307+0000] {processor.py:830} INFO - Processing file /opt/airflow/dags/dags_etl.py for tasks to queue
[2026-09-23T13:09:57.309+0000] {logging_mixin.py:188} INFO - [2026-09-23T13:09:57.309+0000] {dagbag.py:545} INFO - Filling up the DagBag from /opt/airflow/dags/dags_etl.py
[2026-09-23T13:09:57.341+0000] {processor.py:840} INFO - DAG(s) 'dag_project_de_etl_v04' retrieved from /opt/airflow/dags/dags_etl.py
[2026-09-23T13:09:57.376+0000] {logging_mixin.py:188} INFO - [2026-09-23T13:09:57.376+0000] {dag.py:3096} INFO - Sync 1 DAGs
[2026-09-23T13:09:57.392+0000] {logging_mixin.py:188} INFO - [2026-09-23T13:09:57.391+0000] {dag.py:3954} INFO - Setting next_dagrun for dag_project_de_etl_v04 to None, run_after=None
[2026-09-23T13:09:57.463+0000] {processor.py:183} INFO - Processing /opt/airflow/dags/dags_etl.py took 0.163 seconds
[2026-09-23T13:10:27.713+0000] {processor.py:161} INFO - Started process (PID=187) to work on /opt/airflow/dags/dags_etl.py
[2026-09-23T13:10:27.714+0000] {processor.py:830} INFO - Processing file /opt/airflow/dags/dags_etl.py for tasks to queue
[2026-09-23T13:10:27.717+0000] {logging_mixin.py:188} INFO - [2026-09-23T13:10:27.716+0000] {dagbag.py:545} INFO - Filling up the DagBag from /opt/airflow/dags/dags_etl.py
[2026-09-23T13:10:27.751+0000] {processor.py:840} INFO - DAG(s) 'dag_project_de_etl_v04' retrieved from /opt/airflow/dags/dags_etl.py
[2026-09-23T13:10:27.784+0000] {logging_mixin.py:188} INFO - [2026-09-23T13:10:27.784+0000] {dag.py:3096} INFO - Sync 1 DAGs
[2026-09-23T13:10:27.798+0000] {logging_mixin.py:188} INFO - [2026-09-23T13:10:27.798+0000] {dag.py:3954} INFO - Setting next_dagrun for dag_project_de_etl_v04 to None, run_after=None
[2026-09-23T13:10:27.873+0000] {processor.py:183} INFO - Processing /opt/airflow/dags/dags_etl.py took 0.165 seconds
[2026-09-23T13:10:58.119+0000] {processor.py:161} INFO - Started process (PID=188) to work on /opt/airflow/dags/dags_etl.py
[2026-09-23T13:10:58.121+0000] {processor.py:830} INFO - Processing file /opt/airflow/dags/dags_etl.py for tasks to queue
[2026-09-23T13:10:58.123+0000] {logging_mixin.py:188} INFO - [2026-09-23T13:10:58.123+0000] {dagbag.py:545} INFO - Filling up the DagBag from /opt/airflow/dags/dags_etl.py
[2026-09-23T13:10:58.156+0000] {processor.py:840} INFO - DAG(s) 'dag_project_de_etl_v04' retrieved from /opt/airflow/dags/dags_etl.py
[2026-09-23T13:10:58.190+0000] {logging_mixin.py:188} INFO - [2026-09-23T13:10:58.189+0000] {dag.py:3096} INFO - Sync 1 DAGs
[2026-09-23T13:10:58.204+0000] {logging_mixin.py:188} INFO - [2026-09-23T13:10:58.203+0000] {dag.py:3954} INFO - Setting next_dagrun for dag_project_de_etl_v04 to None, run_after=None
[2026-09-23T13:10:58.284+0000] {processor.py:183} INFO - Processing /opt/airflow/dags/dags_etl.py took 0.170 seconds
[2026-09-23T13:11:28.532+0000] {processor.py:161} INFO - Started process (PID=189) to work on /opt/airflow/dags/dags_etl.py
[2026-09-23T13:11:28.533+0000] {processor.py:830} INFO - Processing file /opt/airflow/dags/dags_etl.py for tasks to queue
[2026-09-23T13:11:28.536+0000] {logging_mixin.py:188} INFO - [2026-09-23T13:11:28.536+0000] {dagbag.py:545} INFO - Filling up the DagBag from /opt/airflow/dags/dags_etl.py
[2026-09-23T13:11:28.572+0000] {processor.py:840} INFO - DAG(s) 'dag_project_de_etl_v04' retrieved from /opt/airflow/dags/dags_etl.py
[2026-09-23T13:11:28.610+0000] {logging_mixin.py:188} INFO - [2026-09-23T13:11:28.609+0000] {dag.py:3096} INFO - Sync 1 DAGs
[2026-09-23T13:11:28.625+0000] {logging_mixin.py:188} INFO - [2026-09-23T13:11:28.625+0000] {dag.py:3954} INFO - Setting next_dagrun for dag_project_de_etl_v04 to None, run_after=None
[2026-09-23T13:11:28.708+0000] {processor.py:183} INFO - Processing /opt/airflow/dags/dags_etl.py took 0.183 seconds
[2026-09-23T13:11:58.869+0000] {processor.py:161} INFO - Started process (PID=190) to work on /opt/airflow/dags/dags_etl.py
[2026-09-23T13:11:58.871+0000] {processor.py:830} INFO - Processing file /opt/airflow/dags/dags_etl.py for tasks to queue
[2026-09-23T13:11:58.873+0000] {logging_mixin.py:188} INFO - [2026-09-23T13:11:58.873+0000] {dagbag.py:545} INFO - Filling up the DagBag from /opt/airflow/dags/dags_etl.py
[2026-09-23T13:11:58.908+0000] {processor.py:840} INFO - DAG(s) 'dag_project_de_etl_v04' retrieved from /opt/airflow/dags/dags_etl.py
[2026-09-23T13:11:58.942+0000] {logging_mixin.py:188} INFO - [2026-09-23T13:11:58.942+0000] {dag.py:3096} INFO - Sync 1 DAGs
[2026-09-23T13:11:58.958+0000] {logging_mixin.py:188} INFO - [2026-09-23T13:11:58.957+0000] {dag.py:3954} INFO - Setting next_dagrun for dag_project_de_etl_v04 to None, run_after=None
[2026-09-23T13:11:59.032+0000] {processor.py:183} INFO - Processing /opt/airflow/dags/dags_etl.py took 0.169 seconds
[2026-09-23T13:12:29.184+0000] {processor.py:161} INFO - Started process (PID=191) to work on /opt/airflow/dags/dags_etl.py
[2026-09-23T13:12:29.186+0000] {processor.py:830} INFO - Processing file /opt/airflow/dags/dags_etl.py for tasks to queue
[2026-09-23T13:12:29.189+0000] {logging_mixin.py:188} INFO - [2026-09-23T13:12:29.188+0000] {dagbag.py:545} INFO - Filling up the DagBag from /opt/airflow/dags/dags_etl.py
[2026-09-23T13:12:29.224+0000] {processor.py:840} INFO - DAG(s) 'dag_project_de_etl_v04' retrieved from /opt/airflow/dags/dags_etl.py
[2026-09-23T13:12:29.258+0000] {logging_mixin.py:188} INFO - [2026-09-23T13:12:29.258+0000] {dag.py:3096} INFO - Sync 1 DAGs
[2026-09-23T13:12:29.275+0000] {logging_mixin.py:188} INFO - [2026-09-23T13:12:29.274+0000] {dag.py:3954} INFO - Setting next_dagrun for dag_project_de_etl_v04 to None, run_after=None
[2026-09-23T13:12:29.353+0000] {processor.py:183} INFO - Processing /opt/airflow/dags/dags_etl.py took 0.174 seconds
[2026-09-23T13:12:59.439+0000] {processor.py:161} INFO - Started process (PID=192) to work on /opt/airflow/dags/dags_etl.py
[2026-09-23T13:12:59.440+0000] {processor.py:830} INFO - Processing file /opt/airflow/dags/dags_etl.py for tasks to queue
[2026-09-23T13:12:59.442+0000] {logging_mixin.py:188} INFO - [2026-09-23T13:12:59.442+0000] {dagbag.py:545} INFO - Filling up the DagBag from /opt/airflow/dags/dags_etl.py
[2026-09-23T13:12:59.479+0000] {processor.py:840} INFO - DAG(s) 'dag_project_de_etl_v04' retrieved from /opt/airflow/dags/dags_etl.py
[2026-09-23T13:12:59.539+0000] {logging_mixin.py:188} INFO - [2026-09-23T13:12:59.538+0000] {dag.py:3096} INFO - Sync 1 DAGs
[2026-09-23T13:12:59.554+0000] {logging_mixin.py:188} INFO - [2026-09-23T13:12:59.553+0000] {dag.py:3954} INFO - Setting next_dagrun for dag_project_de_etl_v04 to None, run_after=None
[2026-09-23T13:12:59.630+0000] {processor.py:183} INFO - Processing /opt/airflow/dags/dags_etl.py took 0.196 seconds
[2026-09-23T13:13:29.833+0000] {processor.py:161} INFO - Started process (PID=193) to work on /opt/airflow/dags/dags_etl.py
[2026-09-23T13:13:29.835+0000] {processor.py:830} INFO - Processing file /opt/airflow/dags/dags_etl.py for tasks to queue
[2026-09-23T13:13:29.838+0000] {logging_mixin.py:188} INFO - [2026-09-23T13:13:29.837+0000] {dagbag.py:545} INFO - Filling up the DagBag from /opt/airflow/dags/dags_etl.py
[2026-09-23T13:13:29.874+0000] {processor.py:840} INFO - DAG(s) 'dag_project_de_etl_v04' retrieved from /opt/airflow/dags/dags_etl.py
[2026-09-23T13:13:29.911+0000] {logging_mixin.py:188} INFO - [2026-09-23T13:13:29.911+0000] {dag.py:3096} INFO - Sync 1 DAGs
[2026-09-23T13:13:29.926+0000] {logging_mixin.py:188} INFO - [2026-09-23T13:13:29.925+0000] {dag.py:3954} INFO - Setting next_dagrun for dag_project_de_etl_v04 to None, run_after=None
[2026-09-23T13:13:30.010+0000] {processor.py:183} INFO - Processing /opt/airflow/dags/dags_etl.py took 0.183 seconds
[2026-09-23T13:14:00.245+0000] {processor.py:161} INFO - Started process (PID=194) to work on /opt/airflow/dags/dags_etl.py
[2026-09-23T13:14:00.247+0000] {processor.py:830} INFO - Processing file /opt/airflow/dags/dags_etl.py for tasks to queue
[2026-09-23T13:14:00.250+0000] {logging_mixin.py:188} INFO - [2026-09-23T13:14:00.249+0000] {dagbag.py:545} INFO - Filling up the DagBag from /opt/airflow/dags/dags_etl.py
[2026-09-23T13:14:00.285+0000] {processor.py:840} INFO - DAG(s) 'dag_project_de_etl_v04' retrieved from /opt/airflow/dags/dags_etl.py
[2026-09-23T13:14:00.320+0000] {logging_mixin.py:188} INFO - [2026-09-23T13:14:00.320+0000] {dag.py:3096} INFO - Sync 1 DAGs
[2026-09-23T13:14:00.335+0000] {logging_mixin.py:188} INFO - [2026-09-23T13:14:00.334+0000] {dag.py:3954} INFO - Setting next_dagrun for dag_project_de_etl_v04 to None, run_after=None
[2026-09-23T13:14:00.410+0000] {processor.py:183} INFO - Processing /opt/airflow/dags/dags_etl.py took 0.171 seconds
[2026-09-23T13:14:30.655+0000] {processor.py:161} INFO - Started process (PID=195) to work on /opt/airflow/dags/dags_etl.py
[2026-09-23T13:14:30.656+0000] {processor.py:830} INFO - Processing file /opt/airflow/dags/dags_etl.py for tasks to queue
[2026-09-23T13:14:30.659+0000] {logging_mixin.py:188} INFO - [2026-09-23T13:14:30.659+0000] {dagbag.py:545} INFO - Filling up the DagBag from /opt/airflow/dags/dags_etl.py
[2026-09-23T13:14:30.701+0000] {processor.py:840} INFO - DAG(s) 'dag_project_de_etl_v04' retrieved from /opt/airflow/dags/dags_etl.py
[2026-09-23T13:14:30.744+0000] {logging_mixin.py:188} INFO - [2026-09-23T13:14:30.743+0000] {dag.py:3096} INFO - Sync 1 DAGs
[2026-09-23T13:14:30.759+0000] {logging_mixin.py:188} INFO - [2026-09-23T13:14:30.759+0000] {dag.py:3954} INFO - Setting next_dagrun for dag_project_de_etl_v04 to None, run_after=None
[2026-09-23T13:14:30.835+0000] {processor.py:183} INFO - Processing /opt/airflow/dags/dags_etl.py took 0.191 seconds
[2026-09-23T13:15:01.056+0000] {processor.py:161} INFO - Started process (PID=196) to work on /opt/airflow/dags/dags_etl.py
[2026-09-23T13:15:01.058+0000] {processor.py:830} INFO - Processing file /opt/airflow/dags/dags_etl.py for tasks to queue
[2026-09-23T13:15:01.061+0000] {logging_mixin.py:188} INFO - [2026-09-23T13:15:01.060+0000] {dagbag.py:545} INFO - Filling up the DagBag from /opt/airflow/dags/dags_etl.py
[2026-09-23T13:15:01.097+0000] {processor.py:840} INFO - DAG(s) 'dag_project_de_etl_v04' retrieved from /opt/airflow/dags/dags_etl.py
[2026-09-23T13:15:01.130+0000] {logging_mixin.py:188} INFO - [2026-09-23T13:15:01.130+0000] {dag.py:3096} INFO - Sync 1 DAGs
[2026-09-23T13:15:01.145+0000] {logging_mixin.py:188} INFO - [2026-09-23T13:15:01.145+0000] {dag.py:3954} INFO - Setting next_dagrun for dag_project_de_etl_v04 to None, run_after=None
[2026-09-23T13:15:01.220+0000] {processor.py:183} INFO - Processing /opt/airflow/dags/dags_etl.py took 0.170 seconds
[2026-09-23T13:15:31.490+0000] {processor.py:161} INFO - Started process (PID=197) to work on /opt/airflow/dags/dags_etl.py
[2026-09-23T13:15:31.491+0000] {processor.py:830} INFO - Processing file /opt/airflow/dags/dags_etl.py for tasks to queue
[2026-09-23T13:15:31.494+0000] {logging_mixin.py:188} INFO - [2026-09-23T13:15:31.493+0000] {dagbag.py:545} INFO - Filling up the DagBag from /opt/airflow/dags/dags_etl.py
[2026-09-23T13:15:31.528+0000] {processor.py:840} INFO - DAG(s) 'dag_project_de_etl_v04' retrieved from /opt/airflow/dags/dags_etl.py
[2026-09-23T13:15:31.562+0000] {logging_mixin.py:188} INFO - [2026-09-23T13:15:31.562+0000] {dag.py:3096} INFO - Sync 1 DAGs
[2026-09-23T13:15:31.577+0000] {logging_mixin.py:188} INFO - [2026-09-23T13:15:31.576+0000] {dag.py:3954} INFO - Setting next_dagrun for dag_project_de_etl_v04 to None, run_after=None
[2026-09-23T13:15:31.647+0000] {processor.py:183} INFO - Processing /opt/airflow/dags/dags_etl.py took 0.163 seconds
[2026-09-23T13:16:01.899+0000] {processor.py:161} INFO - Started process (PID=198) to work on /opt/airflow/dags/dags_etl.py
[2026-09-23T13:16:01.901+0000] {processor.py:830} INFO - Processing file /opt/airflow/dags/dags_etl.py for tasks to queue
[2026-09-23T13:16:01.903+0000] {logging_mixin.py:188} INFO - [2026-09-23T13:16:01.903+0000] {dagbag.py:545} INFO - Filling up the DagBag from /opt/airflow/dags/dags_etl.py
[2026-09-23T13:16:01.939+0000] {processor.py:840} INFO - DAG(s) 'dag_project_de_etl_v04' retrieved from /opt/airflow/dags/dags_etl.py
[2026-09-23T13:16:01.973+0000] {logging_mixin.py:188} INFO - [2026-09-23T13:16:01.972+0000] {dag.py:3096} INFO - Sync 1 DAGs
[2026-09-23T13:16:01.988+0000] {logging_mixin.py:188} INFO - [2026-09-23T13:16:01.987+0000] {dag.py:3954} INFO - Setting next_dagrun for dag_project_de_etl_v04 to None, run_after=None
[2026-09-23T13:16:02.063+0000] {processor.py:183} INFO - Processing /opt/airflow/dags/dags_etl.py took 0.170 seconds
[2026-09-23T13:16:32.314+0000] {processor.py:161} INFO - Started process (PID=199) to work on /opt/airflow/dags/dags_etl.py
[2026-09-23T13:16:32.320+0000] {processor.py:830} INFO - Processing file /opt/airflow/dags/dags_etl.py for tasks to queue
[2026-09-23T13:16:32.323+0000] {logging_mixin.py:188} INFO - [2026-09-23T13:16:32.323+0000] {dagbag.py:545} INFO - Filling up the DagBag from /opt/airflow/dags/dags_etl.py
[2026-09-23T13:16:32.360+0000] {processor.py:840} INFO - DAG(s) 'dag_project_de_etl_v04' retrieved from /opt/airflow/dags/dags_etl.py
[2026-09-23T13:16:32.399+0000] {logging_mixin.py:188} INFO - [2026-09-23T13:16:32.398+0000] {dag.py:3096} INFO - Sync 1 DAGs
[2026-09-23T13:16:32.417+0000] {logging_mixin.py:188} INFO - [2026-09-23T13:16:32.416+0000] {dag.py:3954} INFO - Setting next_dagrun for dag_project_de_etl_v04 to None, run_after=None
[2026-09-23T13:16:32.503+0000] {processor.py:183} INFO - Processing /opt/airflow/dags/dags_etl.py took 0.196 seconds
[2026-09-23T13:17:02.834+0000] {processor.py:161} INFO - Started process (PID=200) to work on /opt/airflow/dags/dags_etl.py
[2026-09-23T13:17:02.836+0000] {processor.py:830} INFO - Processing file /opt/airflow/dags/dags_etl.py for tasks to queue
[2026-09-23T13:17:02.839+0000] {logging_mixin.py:188} INFO - [2026-09-23T13:17:02.839+0000] {dagbag.py:545} INFO - Filling up the DagBag from /opt/airflow/dags/dags_etl.py
[2026-09-23T13:17:02.885+0000] {processor.py:840} INFO - DAG(s) 'dag_project_de_etl_v04' retrieved from /opt/airflow/dags/dags_etl.py
[2026-09-23T13:17:02.923+0000] {logging_mixin.py:188} INFO - [2026-09-23T13:17:02.923+0000] {dag.py:3096} INFO - Sync 1 DAGs
[2026-09-23T13:17:02.941+0000] {logging_mixin.py:188} INFO - [2026-09-23T13:17:02.940+0000] {dag.py:3954} INFO - Setting next_dagrun for dag_project_de_etl_v04 to None, run_after=None
[2026-09-23T13:17:03.021+0000] {processor.py:183} INFO - Processing /opt/airflow/dags/dags_etl.py took 0.194 seconds
[2026-09-23T13:17:33.174+0000] {processor.py:161} INFO - Started process (PID=201) to work on /opt/airflow/dags/dags_etl.py
[2026-09-23T13:17:33.176+0000] {processor.py:830} INFO - Processing file /opt/airflow/dags/dags_etl.py for tasks to queue
[2026-09-23T13:17:33.179+0000] {logging_mixin.py:188} INFO - [2026-09-23T13:17:33.178+0000] {dagbag.py:545} INFO - Filling up the DagBag from /opt/airflow/dags/dags_etl.py
[2026-09-23T13:17:33.220+0000] {processor.py:840} INFO - DAG(s) 'dag_project_de_etl_v04' retrieved from /opt/airflow/dags/dags_etl.py
[2026-09-23T13:17:33.265+0000] {logging_mixin.py:188} INFO - [2026-09-23T13:17:33.264+0000] {dag.py:3096} INFO - Sync 1 DAGs
[2026-09-23T13:17:33.280+0000] {logging_mixin.py:188} INFO - [2026-09-23T13:17:33.280+0000] {dag.py:3954} INFO - Setting next_dagrun for dag_project_de_etl_v04 to None, run_after=None
[2026-09-23T13:17:33.359+0000] {processor.py:183} INFO - Processing /opt/airflow/dags/dags_etl.py took 0.190 seconds
[2026-09-23T13:18:03.731+0000] {processor.py:161} INFO - Started process (PID=202) to work on /opt/airflow/dags/dags_etl.py
[2026-09-23T13:18:03.733+0000] {processor.py:830} INFO - Processing file /opt/airflow/dags/dags_etl.py for tasks to queue
[2026-09-23T13:18:03.735+0000] {logging_mixin.py:188} INFO - [2026-09-23T13:18:03.735+0000] {dagbag.py:545} INFO - Filling up the DagBag from /opt/airflow/dags/dags_etl.py
[2026-09-23T13:18:03.772+0000] {processor.py:840} INFO - DAG(s) 'dag_project_de_etl_v04' retrieved from /opt/airflow/dags/dags_etl.py
[2026-09-23T13:18:03.807+0000] {logging_mixin.py:188} INFO - [2026-09-23T13:18:03.807+0000] {dag.py:3096} INFO - Sync 1 DAGs
[2026-09-23T13:18:03.823+0000] {logging_mixin.py:188} INFO - [2026-09-23T13:18:03.823+0000] {dag.py:3954} INFO - Setting next_dagrun for dag_project_de_etl_v04 to None, run_after=None
[2026-09-23T13:18:03.899+0000] {processor.py:183} INFO - Processing /opt/airflow/dags/dags_etl.py took 0.174 seconds
[2026-09-23T13:18:34.129+0000] {processor.py:161} INFO - Started process (PID=203) to work on /opt/airflow/dags/dags_etl.py
[2026-09-23T13:18:34.130+0000] {processor.py:830} INFO - Processing file /opt/airflow/dags/dags_etl.py for tasks to queue
[2026-09-23T13:18:34.133+0000] {logging_mixin.py:188} INFO - [2026-09-23T13:18:34.132+0000] {dagbag.py:545} INFO - Filling up the DagBag from /opt/airflow/dags/dags_etl.py
[2026-09-23T13:18:34.170+0000] {processor.py:840} INFO - DAG(s) 'dag_project_de_etl_v04' retrieved from /opt/airflow/dags/dags_etl.py
[2026-09-23T13:18:34.207+0000] {logging_mixin.py:188} INFO - [2026-09-23T13:18:34.206+0000] {dag.py:3096} INFO - Sync 1 DAGs
[2026-09-23T13:18:34.222+0000] {logging_mixin.py:188} INFO - [2026-09-23T13:18:34.222+0000] {dag.py:3954} INFO - Setting next_dagrun for dag_project_de_etl_v04 to None, run_after=None
[2026-09-23T13:18:34.293+0000] {processor.py:183} INFO - Processing /opt/airflow/dags/dags_etl.py took 0.171 seconds
[2026-09-23T13:19:04.522+0000] {processor.py:161} INFO - Started process (PID=204) to work on /opt/airflow/dags/dags_etl.py
[2026-09-23T13:19:04.523+0000] {processor.py:830} INFO - Processing file /opt/airflow/dags/dags_etl.py for tasks to queue
[2026-09-23T13:19:04.526+0000] {logging_mixin.py:188} INFO - [2026-09-23T13:19:04.525+0000] {dagbag.py:545} INFO - Filling up the DagBag from /opt/airflow/dags/dags_etl.py
[2026-09-23T13:19:04.558+0000] {processor.py:840} INFO - DAG(s) 'dag_project_de_etl_v04' retrieved from /opt/airflow/dags/dags_etl.py
[2026-09-23T13:19:04.594+0000] {logging_mixin.py:188} INFO - [2026-09-23T13:19:04.594+0000] {dag.py:3096} INFO - Sync 1 DAGs
[2026-09-23T13:19:04.610+0000] {logging_mixin.py:188} INFO - [2026-09-23T13:19:04.610+0000] {dag.py:3954} INFO - Setting next_dagrun for dag_project_de_etl_v04 to None, run_after=None
[2026-09-23T13:19:04.682+0000] {processor.py:183} INFO - Processing /opt/airflow/dags/dags_etl.py took 0.166 seconds
[2026-09-23T13:19:34.917+0000] {processor.py:161} INFO - Started process (PID=205) to work on /opt/airflow/dags/dags_etl.py
[2026-09-23T13:19:34.919+0000] {processor.py:830} INFO - Processing file /opt/airflow/dags/dags_etl.py for tasks to queue
[2026-09-23T13:19:34.922+0000] {logging_mixin.py:188} INFO - [2026-09-23T13:19:34.921+0000] {dagbag.py:545} INFO - Filling up the DagBag from /opt/airflow/dags/dags_etl.py
[2026-09-23T13:19:34.954+0000] {processor.py:840} INFO - DAG(s) 'dag_project_de_etl_v04' retrieved from /opt/airflow/dags/dags_etl.py
[2026-09-23T13:19:34.987+0000] {logging_mixin.py:188} INFO - [2026-09-23T13:19:34.987+0000] {dag.py:3096} INFO - Sync 1 DAGs
[2026-09-23T13:19:35.002+0000] {logging_mixin.py:188} INFO - [2026-09-23T13:19:35.002+0000] {dag.py:3954} INFO - Setting next_dagrun for dag_project_de_etl_v04 to None, run_after=None
[2026-09-23T13:19:35.076+0000] {processor.py:183} INFO - Processing /opt/airflow/dags/dags_etl.py took 0.164 seconds
[2026-09-23T13:20:05.325+0000] {processor.py:161} INFO - Started process (PID=206) to work on /opt/airflow/dags/dags_etl.py
[2026-09-23T13:20:05.327+0000] {processor.py:830} INFO - Processing file /opt/airflow/dags/dags_etl.py for tasks to queue
[2026-09-23T13:20:05.330+0000] {logging_mixin.py:188} INFO - [2026-09-23T13:20:05.330+0000] {dagbag.py:545} INFO - Filling up the DagBag from /opt/airflow/dags/dags_etl.py
[2026-09-23T13:20:05.365+0000] {processor.py:840} INFO - DAG(s) 'dag_project_de_etl_v04' retrieved from /opt/airflow/dags/dags_etl.py
[2026-09-23T13:20:05.399+0000] {logging_mixin.py:188} INFO - [2026-09-23T13:20:05.399+0000] {dag.py:3096} INFO - Sync 1 DAGs
[2026-09-23T13:20:05.414+0000] {logging_mixin.py:188} INFO - [2026-09-23T13:20:05.414+0000] {dag.py:3954} INFO - Setting next_dagrun for dag_project_de_etl_v04 to None, run_after=None
[2026-09-23T13:20:05.483+0000] {processor.py:183} INFO - Processing /opt/airflow/dags/dags_etl.py took 0.164 seconds
[2026-09-23T13:20:35.740+0000] {processor.py:161} INFO - Started process (PID=207) to work on /opt/airflow/dags/dags_etl.py
[2026-09-23T13:20:35.742+0000] {processor.py:830} INFO - Processing file /opt/airflow/dags/dags_etl.py for tasks to queue
[2026-09-23T13:20:35.745+0000] {logging_mixin.py:188} INFO - [2026-09-23T13:20:35.745+0000] {dagbag.py:545} INFO - Filling up the DagBag from /opt/airflow/dags/dags_etl.py
[2026-09-23T13:20:35.781+0000] {processor.py:840} INFO - DAG(s) 'dag_project_de_etl_v04' retrieved from /opt/airflow/dags/dags_etl.py
[2026-09-23T13:20:35.817+0000] {logging_mixin.py:188} INFO - [2026-09-23T13:20:35.817+0000] {dag.py:3096} INFO - Sync 1 DAGs
[2026-09-23T13:20:35.834+0000] {logging_mixin.py:188} INFO - [2026-09-23T13:20:35.834+0000] {dag.py:3954} INFO - Setting next_dagrun for dag_project_de_etl_v04 to None, run_after=None
[2026-09-23T13:20:35.910+0000] {processor.py:183} INFO - Processing /opt/airflow/dags/dags_etl.py took 0.176 seconds
[2026-09-23T13:21:06.141+0000] {processor.py:161} INFO - Started process (PID=208) to work on /opt/airflow/dags/dags_etl.py
[2026-09-23T13:21:06.142+0000] {processor.py:830} INFO - Processing file /opt/airflow/dags/dags_etl.py for tasks to queue
[2026-09-23T13:21:06.145+0000] {logging_mixin.py:188} INFO - [2026-09-23T13:21:06.144+0000] {dagbag.py:545} INFO - Filling up the DagBag from /opt/airflow/dags/dags_etl.py
[2026-09-23T13:21:06.180+0000] {processor.py:840} INFO - DAG(s) 'dag_project_de_etl_v04' retrieved from /opt/airflow/dags/dags_etl.py
[2026-09-23T13:21:06.215+0000] {logging_mixin.py:188} INFO - [2026-09-23T13:21:06.215+0000] {dag.py:3096} INFO - Sync 1 DAGs
[2026-09-23T13:21:06.232+0000] {logging_mixin.py:188} INFO - [2026-09-23T13:21:06.231+0000] {dag.py:3954} INFO - Setting next_dagrun for dag_project_de_etl_v04 to None, run_after=None
[2026-09-23T13:21:06.304+0000] {processor.py:183} INFO - Processing /opt/airflow/dags/dags_etl.py took 0.168 seconds
[2026-09-23T13:21:36.548+0000] {processor.py:161} INFO - Started process (PID=209) to work on /opt/airflow/dags/dags_etl.py
[2026-09-23T13:21:36.549+0000] {processor.py:830} INFO - Processing file /opt/airflow/dags/dags_etl.py for tasks to queue
[2026-09-23T13:21:36.553+0000] {logging_mixin.py:188} INFO - [2026-09-23T13:21:36.553+0000] {dagbag.py:545} INFO - Filling up the DagBag from /opt/airflow/dags/dags_etl.py
[2026-09-23T13:21:36.589+0000] {processor.py:840} INFO - DAG(s) 'dag_project_de_etl_v04' retrieved from /opt/airflow/dags/dags_etl.py
[2026-09-23T13:21:36.626+0000] {logging_mixin.py:188} INFO - [2026-09-23T13:21:36.626+0000] {dag.py:3096} INFO - Sync 1 DAGs
[2026-09-23T13:21:36.642+0000] {logging_mixin.py:188} INFO - [2026-09-23T13:21:36.642+0000] {dag.py:3954} INFO - Setting next_dagrun for dag_project_de_etl_v04 to None, run_after=None
[2026-09-23T13:21:36.717+0000] {processor.py:183} INFO - Processing /opt/airflow/dags/dags_etl.py took 0.176 seconds
[2026-09-23T13:22:06.940+0000] {processor.py:161} INFO - Started process (PID=210) to work on /opt/airflow/dags/dags_etl.py
[2026-09-23T13:22:06.941+0000] {processor.py:830} INFO - Processing file /opt/airflow/dags/dags_etl.py for tasks to queue
[2026-09-23T13:22:06.944+0000] {logging_mixin.py:188} INFO - [2026-09-23T13:22:06.943+0000] {dagbag.py:545} INFO - Filling up the DagBag from /opt/airflow/dags/dags_etl.py
[2026-09-23T13:22:06.978+0000] {processor.py:840} INFO - DAG(s) 'dag_project_de_etl_v04' retrieved from /opt/airflow/dags/dags_etl.py
[2026-09-23T13:22:07.016+0000] {logging_mixin.py:188} INFO - [2026-09-23T13:22:07.015+0000] {dag.py:3096} INFO - Sync 1 DAGs
[2026-09-23T13:22:07.031+0000] {logging_mixin.py:188} INFO - [2026-09-23T13:22:07.030+0000] {dag.py:3954} INFO - Setting next_dagrun for dag_project_de_etl_v04 to None, run_after=None
[2026-09-23T13:22:07.096+0000] {processor.py:183} INFO - Processing /opt/airflow/dags/dags_etl.py took 0.162 seconds
[2026-09-23T13:22:37.209+0000] {processor.py:161} INFO - Started process (PID=211) to work on /opt/airflow/dags/dags_etl.py
[2026-09-23T13:22:37.211+0000] {processor.py:830} INFO - Processing file /opt/airflow/dags/dags_etl.py for tasks to queue
[2026-09-23T13:22:37.214+0000] {logging_mixin.py:188} INFO - [2026-09-23T13:22:37.213+0000] {dagbag.py:545} INFO - Filling up the DagBag from /opt/airflow/dags/dags_etl.py
[2026-09-23T13:22:37.248+0000] {processor.py:840} INFO - DAG(s) 'dag_project_de_etl_v04' retrieved from /opt/airflow/dags/dags_etl.py
[2026-09-23T13:22:37.282+0000] {logging_mixin.py:188} INFO - [2026-09-23T13:22:37.281+0000] {dag.py:3096} INFO - Sync 1 DAGs
[2026-09-23T13:22:37.296+0000] {logging_mixin.py:188} INFO - [2026-09-23T13:22:37.296+0000] {dag.py:3954} INFO - Setting next_dagrun for dag_project_de_etl_v04 to None, run_after=None
[2026-09-23T13:22:37.374+0000] {processor.py:183} INFO - Processing /opt/airflow/dags/dags_etl.py took 0.170 seconds
[2026-09-23T13:23:07.619+0000] {processor.py:161} INFO - Started process (PID=212) to work on /opt/airflow/dags/dags_etl.py
[2026-09-23T13:23:07.620+0000] {processor.py:830} INFO - Processing file /opt/airflow/dags/dags_etl.py for tasks to queue
[2026-09-23T13:23:07.623+0000] {logging_mixin.py:188} INFO - [2026-09-23T13:23:07.622+0000] {dagbag.py:545} INFO - Filling up the DagBag from /opt/airflow/dags/dags_etl.py
[2026-09-23T13:23:07.660+0000] {processor.py:840} INFO - DAG(s) 'dag_project_de_etl_v04' retrieved from /opt/airflow/dags/dags_etl.py
[2026-09-23T13:23:07.694+0000] {logging_mixin.py:188} INFO - [2026-09-23T13:23:07.693+0000] {dag.py:3096} INFO - Sync 1 DAGs
[2026-09-23T13:23:07.709+0000] {logging_mixin.py:188} INFO - [2026-09-23T13:23:07.708+0000] {dag.py:3954} INFO - Setting next_dagrun for dag_project_de_etl_v04 to None, run_after=None
[2026-09-23T13:23:07.781+0000] {processor.py:183} INFO - Processing /opt/airflow/dags/dags_etl.py took 0.168 seconds
[2026-09-23T13:23:38.021+0000] {processor.py:161} INFO - Started process (PID=213) to work on /opt/airflow/dags/dags_etl.py
[2026-09-23T13:23:38.023+0000] {processor.py:830} INFO - Processing file /opt/airflow/dags/dags_etl.py for tasks to queue
[2026-09-23T13:23:38.025+0000] {logging_mixin.py:188} INFO - [2026-09-23T13:23:38.025+0000] {dagbag.py:545} INFO - Filling up the DagBag from /opt/airflow/dags/dags_etl.py
[2026-09-23T13:23:38.063+0000] {processor.py:840} INFO - DAG(s) 'dag_project_de_etl_v04' retrieved from /opt/airflow/dags/dags_etl.py
[2026-09-23T13:23:38.101+0000] {logging_mixin.py:188} INFO - [2026-09-23T13:23:38.100+0000] {dag.py:3096} INFO - Sync 1 DAGs
[2026-09-23T13:23:38.116+0000] {logging_mixin.py:188} INFO - [2026-09-23T13:23:38.116+0000] {dag.py:3954} INFO - Setting next_dagrun for dag_project_de_etl_v04 to None, run_after=None
[2026-09-23T13:23:38.194+0000] {processor.py:183} INFO - Processing /opt/airflow/dags/dags_etl.py took 0.178 seconds
[2026-09-23T13:24:08.430+0000] {processor.py:161} INFO - Started process (PID=214) to work on /opt/airflow/dags/dags_etl.py
[2026-09-23T13:24:08.432+0000] {processor.py:830} INFO - Processing file /opt/airflow/dags/dags_etl.py for tasks to queue
[2026-09-23T13:24:08.436+0000] {logging_mixin.py:188} INFO - [2026-09-23T13:24:08.435+0000] {dagbag.py:545} INFO - Filling up the DagBag from /opt/airflow/dags/dags_etl.py
[2026-09-23T13:24:08.474+0000] {processor.py:840} INFO - DAG(s) 'dag_project_de_etl_v04' retrieved from /opt/airflow/dags/dags_etl.py
[2026-09-23T13:24:08.511+0000] {logging_mixin.py:188} INFO - [2026-09-23T13:24:08.511+0000] {dag.py:3096} INFO - Sync 1 DAGs
[2026-09-23T13:24:08.527+0000] {logging_mixin.py:188} INFO - [2026-09-23T13:24:08.527+0000] {dag.py:3954} INFO - Setting next_dagrun for dag_project_de_etl_v04 to None, run_after=None
[2026-09-23T13:24:08.601+0000] {processor.py:183} INFO - Processing /opt/airflow/dags/dags_etl.py took 0.176 seconds
[2026-09-23T13:24:38.887+0000] {processor.py:161} INFO - Started process (PID=215) to work on /opt/airflow/dags/dags_etl.py
[2026-09-23T13:24:38.888+0000] {processor.py:830} INFO - Processing file /opt/airflow/dags/dags_etl.py for tasks to queue
[2026-09-23T13:24:38.891+0000] {logging_mixin.py:188} INFO - [2026-09-23T13:24:38.890+0000] {dagbag.py:545} INFO - Filling up the DagBag from /opt/airflow/dags/dags_etl.py
[2026-09-23T13:24:38.925+0000] {processor.py:840} INFO - DAG(s) 'dag_project_de_etl_v04' retrieved from /opt/airflow/dags/dags_etl.py
[2026-09-23T13:24:38.959+0000] {logging_mixin.py:188} INFO - [2026-09-23T13:24:38.958+0000] {dag.py:3096} INFO - Sync 1 DAGs
[2026-09-23T13:24:38.973+0000] {logging_mixin.py:188} INFO - [2026-09-23T13:24:38.973+0000] {dag.py:3954} INFO - Setting next_dagrun for dag_project_de_etl_v04 to None, run_after=None
[2026-09-23T13:24:39.047+0000] {processor.py:183} INFO - Processing /opt/airflow/dags/dags_etl.py took 0.166 seconds
[2026-09-23T13:25:09.295+0000] {processor.py:161} INFO - Started process (PID=216) to work on /opt/airflow/dags/dags_etl.py
[2026-09-23T13:25:09.296+0000] {processor.py:830} INFO - Processing file /opt/airflow/dags/dags_etl.py for tasks to queue
[2026-09-23T13:25:09.299+0000] {logging_mixin.py:188} INFO - [2026-09-23T13:25:09.299+0000] {dagbag.py:545} INFO - Filling up the DagBag from /opt/airflow/dags/dags_etl.py
[2026-09-23T13:25:09.335+0000] {processor.py:840} INFO - DAG(s) 'dag_project_de_etl_v04' retrieved from /opt/airflow/dags/dags_etl.py
[2026-09-23T13:25:09.370+0000] {logging_mixin.py:188} INFO - [2026-09-23T13:25:09.370+0000] {dag.py:3096} INFO - Sync 1 DAGs
[2026-09-23T13:25:09.386+0000] {logging_mixin.py:188} INFO - [2026-09-23T13:25:09.386+0000] {dag.py:3954} INFO - Setting next_dagrun for dag_project_de_etl_v04 to None, run_after=None
[2026-09-23T13:25:09.459+0000] {processor.py:183} INFO - Processing /opt/airflow/dags/dags_etl.py took 0.171 seconds
[2026-09-23T13:25:39.598+0000] {processor.py:161} INFO - Started process (PID=217) to work on /opt/airflow/dags/dags_etl.py
[2026-09-23T13:25:39.600+0000] {processor.py:830} INFO - Processing file /opt/airflow/dags/dags_etl.py for tasks to queue
[2026-09-23T13:25:39.603+0000] {logging_mixin.py:188} INFO - [2026-09-23T13:25:39.603+0000] {dagbag.py:545} INFO - Filling up the DagBag from /opt/airflow/dags/dags_etl.py
[2026-09-23T13:25:39.642+0000] {processor.py:840} INFO - DAG(s) 'dag_project_de_etl_v04' retrieved from /opt/airflow/dags/dags_etl.py
[2026-09-23T13:25:39.679+0000] {logging_mixin.py:188} INFO - [2026-09-23T13:25:39.679+0000] {dag.py:3096} INFO - Sync 1 DAGs
[2026-09-23T13:25:39.695+0000] {logging_mixin.py:188} INFO - [2026-09-23T13:25:39.695+0000] {dag.py:3954} INFO - Setting next_dagrun for dag_project_de_etl_v04 to None, run_after=None
[2026-09-23T13:25:39.770+0000] {processor.py:183} INFO - Processing /opt/airflow/dags/dags_etl.py took 0.179 seconds
[2026-09-23T13:26:09.997+0000] {processor.py:161} INFO - Started process (PID=218) to work on /opt/airflow/dags/dags_etl.py
[2026-09-23T13:26:09.999+0000] {processor.py:830} INFO - Processing file /opt/airflow/dags/dags_etl.py for tasks to queue
[2026-09-23T13:26:10.002+0000] {logging_mixin.py:188} INFO - [2026-09-23T13:26:10.001+0000] {dagbag.py:545} INFO - Filling up the DagBag from /opt/airflow/dags/dags_etl.py
[2026-09-23T13:26:10.038+0000] {processor.py:840} INFO - DAG(s) 'dag_project_de_etl_v04' retrieved from /opt/airflow/dags/dags_etl.py
[2026-09-23T13:26:10.076+0000] {logging_mixin.py:188} INFO - [2026-09-23T13:26:10.076+0000] {dag.py:3096} INFO - Sync 1 DAGs
[2026-09-23T13:26:10.092+0000] {logging_mixin.py:188} INFO - [2026-09-23T13:26:10.091+0000] {dag.py:3954} INFO - Setting next_dagrun for dag_project_de_etl_v04 to None, run_after=None
[2026-09-23T13:26:10.166+0000] {processor.py:183} INFO - Processing /opt/airflow/dags/dags_etl.py took 0.175 seconds
[2026-09-23T13:26:40.404+0000] {processor.py:161} INFO - Started process (PID=219) to work on /opt/airflow/dags/dags_etl.py
[2026-09-23T13:26:40.405+0000] {processor.py:830} INFO - Processing file /opt/airflow/dags/dags_etl.py for tasks to queue
[2026-09-23T13:26:40.408+0000] {logging_mixin.py:188} INFO - [2026-09-23T13:26:40.407+0000] {dagbag.py:545} INFO - Filling up the DagBag from /opt/airflow/dags/dags_etl.py
[2026-09-23T13:26:40.449+0000] {processor.py:840} INFO - DAG(s) 'dag_project_de_etl_v04' retrieved from /opt/airflow/dags/dags_etl.py
[2026-09-23T13:26:40.496+0000] {logging_mixin.py:188} INFO - [2026-09-23T13:26:40.496+0000] {dag.py:3096} INFO - Sync 1 DAGs
[2026-09-23T13:26:40.513+0000] {logging_mixin.py:188} INFO - [2026-09-23T13:26:40.513+0000] {dag.py:3954} INFO - Setting next_dagrun for dag_project_de_etl_v04 to None, run_after=None
[2026-09-23T13:26:40.582+0000] {processor.py:183} INFO - Processing /opt/airflow/dags/dags_etl.py took 0.184 seconds
[2026-09-23T13:27:10.819+0000] {processor.py:161} INFO - Started process (PID=220) to work on /opt/airflow/dags/dags_etl.py
[2026-09-23T13:27:10.821+0000] {processor.py:830} INFO - Processing file /opt/airflow/dags/dags_etl.py for tasks to queue
[2026-09-23T13:27:10.824+0000] {logging_mixin.py:188} INFO - [2026-09-23T13:27:10.823+0000] {dagbag.py:545} INFO - Filling up the DagBag from /opt/airflow/dags/dags_etl.py
[2026-09-23T13:27:10.862+0000] {processor.py:840} INFO - DAG(s) 'dag_project_de_etl_v04' retrieved from /opt/airflow/dags/dags_etl.py
[2026-09-23T13:27:10.897+0000] {logging_mixin.py:188} INFO - [2026-09-23T13:27:10.897+0000] {dag.py:3096} INFO - Sync 1 DAGs
[2026-09-23T13:27:10.912+0000] {logging_mixin.py:188} INFO - [2026-09-23T13:27:10.911+0000] {dag.py:3954} INFO - Setting next_dagrun for dag_project_de_etl_v04 to None, run_after=None
[2026-09-23T13:27:10.993+0000] {processor.py:183} INFO - Processing /opt/airflow/dags/dags_etl.py took 0.179 seconds
[2026-09-23T13:27:41.231+0000] {processor.py:161} INFO - Started process (PID=221) to work on /opt/airflow/dags/dags_etl.py
[2026-09-23T13:27:41.233+0000] {processor.py:830} INFO - Processing file /opt/airflow/dags/dags_etl.py for tasks to queue
[2026-09-23T13:27:41.236+0000] {logging_mixin.py:188} INFO - [2026-09-23T13:27:41.236+0000] {dagbag.py:545} INFO - Filling up the DagBag from /opt/airflow/dags/dags_etl.py
[2026-09-23T13:27:41.274+0000] {processor.py:840} INFO - DAG(s) 'dag_project_de_etl_v04' retrieved from /opt/airflow/dags/dags_etl.py
[2026-09-23T13:27:41.311+0000] {logging_mixin.py:188} INFO - [2026-09-23T13:27:41.311+0000] {dag.py:3096} INFO - Sync 1 DAGs
[2026-09-23T13:27:41.326+0000] {logging_mixin.py:188} INFO - [2026-09-23T13:27:41.326+0000] {dag.py:3954} INFO - Setting next_dagrun for dag_project_de_etl_v04 to None, run_after=None
[2026-09-23T13:27:41.401+0000] {processor.py:183} INFO - Processing /opt/airflow/dags/dags_etl.py took 0.177 seconds
[2026-09-23T13:28:11.640+0000] {processor.py:161} INFO - Started process (PID=222) to work on /opt/airflow/dags/dags_etl.py
[2026-09-23T13:28:11.642+0000] {processor.py:830} INFO - Processing file /opt/airflow/dags/dags_etl.py for tasks to queue
[2026-09-23T13:28:11.646+0000] {logging_mixin.py:188} INFO - [2026-09-23T13:28:11.645+0000] {dagbag.py:545} INFO - Filling up the DagBag from /opt/airflow/dags/dags_etl.py
[2026-09-23T13:28:11.682+0000] {processor.py:840} INFO - DAG(s) 'dag_project_de_etl_v04' retrieved from /opt/airflow/dags/dags_etl.py
[2026-09-23T13:28:11.719+0000] {logging_mixin.py:188} INFO - [2026-09-23T13:28:11.719+0000] {dag.py:3096} INFO - Sync 1 DAGs
[2026-09-23T13:28:11.735+0000] {logging_mixin.py:188} INFO - [2026-09-23T13:28:11.734+0000] {dag.py:3954} INFO - Setting next_dagrun for dag_project_de_etl_v04 to None, run_after=None
[2026-09-23T13:28:11.813+0000] {processor.py:183} INFO - Processing /opt/airflow/dags/dags_etl.py took 0.179 seconds
[2026-09-23T13:28:42.046+0000] {processor.py:161} INFO - Started process (PID=223) to work on /opt/airflow/dags/dags_etl.py
[2026-09-23T13:28:42.047+0000] {processor.py:830} INFO - Processing file /opt/airflow/dags/dags_etl.py for tasks to queue
[2026-09-23T13:28:42.050+0000] {logging_mixin.py:188} INFO - [2026-09-23T13:28:42.049+0000] {dagbag.py:545} INFO - Filling up the DagBag from /opt/airflow/dags/dags_etl.py
[2026-09-23T13:28:42.088+0000] {processor.py:840} INFO - DAG(s) 'dag_project_de_etl_v04' retrieved from /opt/airflow/dags/dags_etl.py
[2026-09-23T13:28:42.128+0000] {logging_mixin.py:188} INFO - [2026-09-23T13:28:42.128+0000] {dag.py:3096} INFO - Sync 1 DAGs
[2026-09-23T13:28:42.145+0000] {logging_mixin.py:188} INFO - [2026-09-23T13:28:42.145+0000] {dag.py:3954} INFO - Setting next_dagrun for dag_project_de_etl_v04 to None, run_after=None
[2026-09-23T13:28:42.226+0000] {processor.py:183} INFO - Processing /opt/airflow/dags/dags_etl.py took 0.187 seconds
[2026-09-23T13:29:12.465+0000] {processor.py:161} INFO - Started process (PID=224) to work on /opt/airflow/dags/dags_etl.py
[2026-09-23T13:29:12.468+0000] {processor.py:830} INFO - Processing file /opt/airflow/dags/dags_etl.py for tasks to queue
[2026-09-23T13:29:12.472+0000] {logging_mixin.py:188} INFO - [2026-09-23T13:29:12.471+0000] {dagbag.py:545} INFO - Filling up the DagBag from /opt/airflow/dags/dags_etl.py
[2026-09-23T13:29:12.518+0000] {processor.py:840} INFO - DAG(s) 'dag_project_de_etl_v04' retrieved from /opt/airflow/dags/dags_etl.py
[2026-09-23T13:29:12.555+0000] {logging_mixin.py:188} INFO - [2026-09-23T13:29:12.554+0000] {dag.py:3096} INFO - Sync 1 DAGs
[2026-09-23T13:29:12.571+0000] {logging_mixin.py:188} INFO - [2026-09-23T13:29:12.571+0000] {dag.py:3954} INFO - Setting next_dagrun for dag_project_de_etl_v04 to None, run_after=None
[2026-09-23T13:29:12.647+0000] {processor.py:183} INFO - Processing /opt/airflow/dags/dags_etl.py took 0.189 seconds
[2026-09-23T13:29:42.970+0000] {processor.py:161} INFO - Started process (PID=225) to work on /opt/airflow/dags/dags_etl.py
[2026-09-23T13:29:42.972+0000] {processor.py:830} INFO - Processing file /opt/airflow/dags/dags_etl.py for tasks to queue
[2026-09-23T13:29:42.975+0000] {logging_mixin.py:188} INFO - [2026-09-23T13:29:42.974+0000] {dagbag.py:545} INFO - Filling up the DagBag from /opt/airflow/dags/dags_etl.py
[2026-09-23T13:29:43.014+0000] {processor.py:840} INFO - DAG(s) 'dag_project_de_etl_v04' retrieved from /opt/airflow/dags/dags_etl.py
[2026-09-23T13:29:43.053+0000] {logging_mixin.py:188} INFO - [2026-09-23T13:29:43.053+0000] {dag.py:3096} INFO - Sync 1 DAGs
[2026-09-23T13:29:43.071+0000] {logging_mixin.py:188} INFO - [2026-09-23T13:29:43.070+0000] {dag.py:3954} INFO - Setting next_dagrun for dag_project_de_etl_v04 to None, run_after=None
[2026-09-23T13:29:43.157+0000] {processor.py:183} INFO - Processing /opt/airflow/dags/dags_etl.py took 0.194 seconds
[2026-09-23T13:30:13.487+0000] {processor.py:161} INFO - Started process (PID=226) to work on /opt/airflow/dags/dags_etl.py
[2026-09-23T13:30:13.488+0000] {processor.py:830} INFO - Processing file /opt/airflow/dags/dags_etl.py for tasks to queue
[2026-09-23T13:30:13.491+0000] {logging_mixin.py:188} INFO - [2026-09-23T13:30:13.490+0000] {dagbag.py:545} INFO - Filling up the DagBag from /opt/airflow/dags/dags_etl.py
[2026-09-23T13:30:13.528+0000] {processor.py:840} INFO - DAG(s) 'dag_project_de_etl_v04' retrieved from /opt/airflow/dags/dags_etl.py
[2026-09-23T13:30:13.564+0000] {logging_mixin.py:188} INFO - [2026-09-23T13:30:13.564+0000] {dag.py:3096} INFO - Sync 1 DAGs
[2026-09-23T13:30:13.580+0000] {logging_mixin.py:188} INFO - [2026-09-23T13:30:13.579+0000] {dag.py:3954} INFO - Setting next_dagrun for dag_project_de_etl_v04 to None, run_after=None
[2026-09-23T13:30:13.654+0000] {processor.py:183} INFO - Processing /opt/airflow/dags/dags_etl.py took 0.174 seconds
[2026-09-23T13:30:43.789+0000] {processor.py:161} INFO - Started process (PID=227) to work on /opt/airflow/dags/dags_etl.py
[2026-09-23T13:30:43.791+0000] {processor.py:830} INFO - Processing file /opt/airflow/dags/dags_etl.py for tasks to queue
[2026-09-23T13:30:43.793+0000] {logging_mixin.py:188} INFO - [2026-09-23T13:30:43.793+0000] {dagbag.py:545} INFO - Filling up the DagBag from /opt/airflow/dags/dags_etl.py
[2026-09-23T13:30:43.830+0000] {processor.py:840} INFO - DAG(s) 'dag_project_de_etl_v04' retrieved from /opt/airflow/dags/dags_etl.py
[2026-09-23T13:30:43.866+0000] {logging_mixin.py:188} INFO - [2026-09-23T13:30:43.866+0000] {dag.py:3096} INFO - Sync 1 DAGs
[2026-09-23T13:30:43.880+0000] {logging_mixin.py:188} INFO - [2026-09-23T13:30:43.880+0000] {dag.py:3954} INFO - Setting next_dagrun for dag_project_de_etl_v04 to None, run_after=None
[2026-09-23T13:30:43.950+0000] {processor.py:183} INFO - Processing /opt/airflow/dags/dags_etl.py took 0.169 seconds
[2026-09-23T13:31:14.195+0000] {processor.py:161} INFO - Started process (PID=228) to work on /opt/airflow/dags/dags_etl.py
[2026-09-23T13:31:14.197+0000] {processor.py:830} INFO - Processing file /opt/airflow/dags/dags_etl.py for tasks to queue
[2026-09-23T13:31:14.200+0000] {logging_mixin.py:188} INFO - [2026-09-23T13:31:14.199+0000] {dagbag.py:545} INFO - Filling up the DagBag from /opt/airflow/dags/dags_etl.py
[2026-09-23T13:31:14.237+0000] {processor.py:840} INFO - DAG(s) 'dag_project_de_etl_v04' retrieved from /opt/airflow/dags/dags_etl.py
[2026-09-23T13:31:14.274+0000] {logging_mixin.py:188} INFO - [2026-09-23T13:31:14.274+0000] {dag.py:3096} INFO - Sync 1 DAGs
[2026-09-23T13:31:14.290+0000] {logging_mixin.py:188} INFO - [2026-09-23T13:31:14.290+0000] {dag.py:3954} INFO - Setting next_dagrun for dag_project_de_etl_v04 to None, run_after=None
[2026-09-23T13:31:14.364+0000] {processor.py:183} INFO - Processing /opt/airflow/dags/dags_etl.py took 0.175 seconds
[2026-09-23T13:31:44.605+0000] {processor.py:161} INFO - Started process (PID=229) to work on /opt/airflow/dags/dags_etl.py
[2026-09-23T13:31:44.607+0000] {processor.py:830} INFO - Processing file /opt/airflow/dags/dags_etl.py for tasks to queue
[2026-09-23T13:31:44.610+0000] {logging_mixin.py:188} INFO - [2026-09-23T13:31:44.609+0000] {dagbag.py:545} INFO - Filling up the DagBag from /opt/airflow/dags/dags_etl.py
[2026-09-23T13:31:44.647+0000] {processor.py:840} INFO - DAG(s) 'dag_project_de_etl_v04' retrieved from /opt/airflow/dags/dags_etl.py
[2026-09-23T13:31:44.687+0000] {logging_mixin.py:188} INFO - [2026-09-23T13:31:44.687+0000] {dag.py:3096} INFO - Sync 1 DAGs
[2026-09-23T13:31:44.704+0000] {logging_mixin.py:188} INFO - [2026-09-23T13:31:44.704+0000] {dag.py:3954} INFO - Setting next_dagrun for dag_project_de_etl_v04 to None, run_after=None
[2026-09-23T13:31:44.781+0000] {processor.py:183} INFO - Processing /opt/airflow/dags/dags_etl.py took 0.182 seconds
[2026-09-23T13:32:15.008+0000] {processor.py:161} INFO - Started process (PID=230) to work on /opt/airflow/dags/dags_etl.py
[2026-09-23T13:32:15.010+0000] {processor.py:830} INFO - Processing file /opt/airflow/dags/dags_etl.py for tasks to queue
[2026-09-23T13:32:15.014+0000] {logging_mixin.py:188} INFO - [2026-09-23T13:32:15.013+0000] {dagbag.py:545} INFO - Filling up the DagBag from /opt/airflow/dags/dags_etl.py
[2026-09-23T13:32:15.054+0000] {processor.py:840} INFO - DAG(s) 'dag_project_de_etl_v04' retrieved from /opt/airflow/dags/dags_etl.py
[2026-09-23T13:32:15.094+0000] {logging_mixin.py:188} INFO - [2026-09-23T13:32:15.094+0000] {dag.py:3096} INFO - Sync 1 DAGs
[2026-09-23T13:32:15.111+0000] {logging_mixin.py:188} INFO - [2026-09-23T13:32:15.111+0000] {dag.py:3954} INFO - Setting next_dagrun for dag_project_de_etl_v04 to None, run_after=None
[2026-09-23T13:32:15.189+0000] {processor.py:183} INFO - Processing /opt/airflow/dags/dags_etl.py took 0.188 seconds
[2026-09-23T13:32:45.524+0000] {processor.py:161} INFO - Started process (PID=231) to work on /opt/airflow/dags/dags_etl.py
[2026-09-23T13:32:45.526+0000] {processor.py:830} INFO - Processing file /opt/airflow/dags/dags_etl.py for tasks to queue
[2026-09-23T13:32:45.529+0000] {logging_mixin.py:188} INFO - [2026-09-23T13:32:45.528+0000] {dagbag.py:545} INFO - Filling up the DagBag from /opt/airflow/dags/dags_etl.py
[2026-09-23T13:32:45.567+0000] {processor.py:840} INFO - DAG(s) 'dag_project_de_etl_v04' retrieved from /opt/airflow/dags/dags_etl.py
[2026-09-23T13:32:45.606+0000] {logging_mixin.py:188} INFO - [2026-09-23T13:32:45.606+0000] {dag.py:3096} INFO - Sync 1 DAGs
[2026-09-23T13:32:45.623+0000] {logging_mixin.py:188} INFO - [2026-09-23T13:32:45.622+0000] {dag.py:3954} INFO - Setting next_dagrun for dag_project_de_etl_v04 to None, run_after=None
[2026-09-23T13:32:45.697+0000] {processor.py:183} INFO - Processing /opt/airflow/dags/dags_etl.py took 0.179 seconds
[2026-09-23T13:33:15.919+0000] {processor.py:161} INFO - Started process (PID=232) to work on /opt/airflow/dags/dags_etl.py
[2026-09-23T13:33:15.921+0000] {processor.py:830} INFO - Processing file /opt/airflow/dags/dags_etl.py for tasks to queue
[2026-09-23T13:33:15.923+0000] {logging_mixin.py:188} INFO - [2026-09-23T13:33:15.923+0000] {dagbag.py:545} INFO - Filling up the DagBag from /opt/airflow/dags/dags_etl.py
[2026-09-23T13:33:15.959+0000] {processor.py:840} INFO - DAG(s) 'dag_project_de_etl_v04' retrieved from /opt/airflow/dags/dags_etl.py
[2026-09-23T13:33:15.995+0000] {logging_mixin.py:188} INFO - [2026-09-23T13:33:15.994+0000] {dag.py:3096} INFO - Sync 1 DAGs
[2026-09-23T13:33:16.010+0000] {logging_mixin.py:188} INFO - [2026-09-23T13:33:16.009+0000] {dag.py:3954} INFO - Setting next_dagrun for dag_project_de_etl_v04 to None, run_after=None
[2026-09-23T13:33:16.078+0000] {processor.py:183} INFO - Processing /opt/airflow/dags/dags_etl.py took 0.165 seconds
[2026-09-23T13:33:46.312+0000] {processor.py:161} INFO - Started process (PID=233) to work on /opt/airflow/dags/dags_etl.py
[2026-09-23T13:33:46.313+0000] {processor.py:830} INFO - Processing file /opt/airflow/dags/dags_etl.py for tasks to queue
[2026-09-23T13:33:46.316+0000] {logging_mixin.py:188} INFO - [2026-09-23T13:33:46.316+0000] {dagbag.py:545} INFO - Filling up the DagBag from /opt/airflow/dags/dags_etl.py
[2026-09-23T13:33:46.352+0000] {processor.py:840} INFO - DAG(s) 'dag_project_de_etl_v04' retrieved from /opt/airflow/dags/dags_etl.py
[2026-09-23T13:33:46.387+0000] {logging_mixin.py:188} INFO - [2026-09-23T13:33:46.387+0000] {dag.py:3096} INFO - Sync 1 DAGs
[2026-09-23T13:33:46.402+0000] {logging_mixin.py:188} INFO - [2026-09-23T13:33:46.402+0000] {dag.py:3954} INFO - Setting next_dagrun for dag_project_de_etl_v04 to None, run_after=None
[2026-09-23T13:33:46.478+0000] {processor.py:183} INFO - Processing /opt/airflow/dags/dags_etl.py took 0.173 seconds
[2026-09-23T13:34:16.710+0000] {processor.py:161} INFO - Started process (PID=234) to work on /opt/airflow/dags/dags_etl.py
[2026-09-23T13:34:16.712+0000] {processor.py:830} INFO - Processing file /opt/airflow/dags/dags_etl.py for tasks to queue
[2026-09-23T13:34:16.715+0000] {logging_mixin.py:188} INFO - [2026-09-23T13:34:16.714+0000] {dagbag.py:545} INFO - Filling up the DagBag from /opt/airflow/dags/dags_etl.py
[2026-09-23T13:34:16.752+0000] {processor.py:840} INFO - DAG(s) 'dag_project_de_etl_v04' retrieved from /opt/airflow/dags/dags_etl.py
[2026-09-23T13:34:16.790+0000] {logging_mixin.py:188} INFO - [2026-09-23T13:34:16.790+0000] {dag.py:3096} INFO - Sync 1 DAGs
[2026-09-23T13:34:16.807+0000] {logging_mixin.py:188} INFO - [2026-09-23T13:34:16.807+0000] {dag.py:3954} INFO - Setting next_dagrun for dag_project_de_etl_v04 to None, run_after=None
[2026-09-23T13:34:16.885+0000] {processor.py:183} INFO - Processing /opt/airflow/dags/dags_etl.py took 0.180 seconds
[2026-09-23T13:34:47.119+0000] {processor.py:161} INFO - Started process (PID=235) to work on /opt/airflow/dags/dags_etl.py
[2026-09-23T13:34:47.125+0000] {processor.py:830} INFO - Processing file /opt/airflow/dags/dags_etl.py for tasks to queue
[2026-09-23T13:34:47.128+0000] {logging_mixin.py:188} INFO - [2026-09-23T13:34:47.128+0000] {dagbag.py:545} INFO - Filling up the DagBag from /opt/airflow/dags/dags_etl.py
[2026-09-23T13:34:47.165+0000] {processor.py:840} INFO - DAG(s) 'dag_project_de_etl_v04' retrieved from /opt/airflow/dags/dags_etl.py
[2026-09-23T13:34:47.203+0000] {logging_mixin.py:188} INFO - [2026-09-23T13:34:47.203+0000] {dag.py:3096} INFO - Sync 1 DAGs
[2026-09-23T13:34:47.220+0000] {logging_mixin.py:188} INFO - [2026-09-23T13:34:47.220+0000] {dag.py:3954} INFO - Setting next_dagrun for dag_project_de_etl_v04 to None, run_after=None
[2026-09-23T13:34:47.285+0000] {processor.py:183} INFO - Processing /opt/airflow/dags/dags_etl.py took 0.172 seconds
[2026-09-23T13:35:17.534+0000] {processor.py:161} INFO - Started process (PID=236) to work on /opt/airflow/dags/dags_etl.py
[2026-09-23T13:35:17.536+0000] {processor.py:830} INFO - Processing file /opt/airflow/dags/dags_etl.py for tasks to queue
[2026-09-23T13:35:17.539+0000] {logging_mixin.py:188} INFO - [2026-09-23T13:35:17.538+0000] {dagbag.py:545} INFO - Filling up the DagBag from /opt/airflow/dags/dags_etl.py
[2026-09-23T13:35:17.589+0000] {processor.py:840} INFO - DAG(s) 'dag_project_de_etl_v04' retrieved from /opt/airflow/dags/dags_etl.py
[2026-09-23T13:35:17.625+0000] {logging_mixin.py:188} INFO - [2026-09-23T13:35:17.625+0000] {dag.py:3096} INFO - Sync 1 DAGs
[2026-09-23T13:35:17.641+0000] {logging_mixin.py:188} INFO - [2026-09-23T13:35:17.641+0000] {dag.py:3954} INFO - Setting next_dagrun for dag_project_de_etl_v04 to None, run_after=None
[2026-09-23T13:35:17.726+0000] {processor.py:183} INFO - Processing /opt/airflow/dags/dags_etl.py took 0.198 seconds
[2026-09-23T13:35:48.070+0000] {processor.py:161} INFO - Started process (PID=237) to work on /opt/airflow/dags/dags_etl.py
[2026-09-23T13:35:48.072+0000] {processor.py:830} INFO - Processing file /opt/airflow/dags/dags_etl.py for tasks to queue
[2026-09-23T13:35:48.075+0000] {logging_mixin.py:188} INFO - [2026-09-23T13:35:48.074+0000] {dagbag.py:545} INFO - Filling up the DagBag from /opt/airflow/dags/dags_etl.py
[2026-09-23T13:35:48.110+0000] {processor.py:840} INFO - DAG(s) 'dag_project_de_etl_v04' retrieved from /opt/airflow/dags/dags_etl.py
[2026-09-23T13:35:48.146+0000] {logging_mixin.py:188} INFO - [2026-09-23T13:35:48.145+0000] {dag.py:3096} INFO - Sync 1 DAGs
[2026-09-23T13:35:48.161+0000] {logging_mixin.py:188} INFO - [2026-09-23T13:35:48.161+0000] {dag.py:3954} INFO - Setting next_dagrun for dag_project_de_etl_v04 to None, run_after=None
[2026-09-23T13:35:48.234+0000] {processor.py:183} INFO - Processing /opt/airflow/dags/dags_etl.py took 0.171 seconds
[2026-09-23T13:36:18.480+0000] {processor.py:161} INFO - Started process (PID=238) to work on /opt/airflow/dags/dags_etl.py
[2026-09-23T13:36:18.481+0000] {processor.py:830} INFO - Processing file /opt/airflow/dags/dags_etl.py for tasks to queue
[2026-09-23T13:36:18.483+0000] {logging_mixin.py:188} INFO - [2026-09-23T13:36:18.483+0000] {dagbag.py:545} INFO - Filling up the DagBag from /opt/airflow/dags/dags_etl.py
[2026-09-23T13:36:18.519+0000] {processor.py:840} INFO - DAG(s) 'dag_project_de_etl_v04' retrieved from /opt/airflow/dags/dags_etl.py
[2026-09-23T13:36:18.554+0000] {logging_mixin.py:188} INFO - [2026-09-23T13:36:18.554+0000] {dag.py:3096} INFO - Sync 1 DAGs
[2026-09-23T13:36:18.569+0000] {logging_mixin.py:188} INFO - [2026-09-23T13:36:18.569+0000] {dag.py:3954} INFO - Setting next_dagrun for dag_project_de_etl_v04 to None, run_after=None
[2026-09-23T13:36:18.648+0000] {processor.py:183} INFO - Processing /opt/airflow/dags/dags_etl.py took 0.174 seconds
[2026-09-23T13:36:48.887+0000] {processor.py:161} INFO - Started process (PID=239) to work on /opt/airflow/dags/dags_etl.py
[2026-09-23T13:36:48.889+0000] {processor.py:830} INFO - Processing file /opt/airflow/dags/dags_etl.py for tasks to queue
[2026-09-23T13:36:48.892+0000] {logging_mixin.py:188} INFO - [2026-09-23T13:36:48.891+0000] {dagbag.py:545} INFO - Filling up the DagBag from /opt/airflow/dags/dags_etl.py
[2026-09-23T13:36:48.928+0000] {processor.py:840} INFO - DAG(s) 'dag_project_de_etl_v04' retrieved from /opt/airflow/dags/dags_etl.py
[2026-09-23T13:36:48.963+0000] {logging_mixin.py:188} INFO - [2026-09-23T13:36:48.962+0000] {dag.py:3096} INFO - Sync 1 DAGs
[2026-09-23T13:36:48.978+0000] {logging_mixin.py:188} INFO - [2026-09-23T13:36:48.978+0000] {dag.py:3954} INFO - Setting next_dagrun for dag_project_de_etl_v04 to None, run_after=None
[2026-09-23T13:36:49.054+0000] {processor.py:183} INFO - Processing /opt/airflow/dags/dags_etl.py took 0.172 seconds
[2026-09-23T13:37:19.339+0000] {processor.py:161} INFO - Started process (PID=240) to work on /opt/airflow/dags/dags_etl.py
[2026-09-23T13:37:19.341+0000] {processor.py:830} INFO - Processing file /opt/airflow/dags/dags_etl.py for tasks to queue
[2026-09-23T13:37:19.344+0000] {logging_mixin.py:188} INFO - [2026-09-23T13:37:19.344+0000] {dagbag.py:545} INFO - Filling up the DagBag from /opt/airflow/dags/dags_etl.py
[2026-09-23T13:37:19.380+0000] {processor.py:840} INFO - DAG(s) 'dag_project_de_etl_v04' retrieved from /opt/airflow/dags/dags_etl.py
[2026-09-23T13:37:19.417+0000] {logging_mixin.py:188} INFO - [2026-09-23T13:37:19.416+0000] {dag.py:3096} INFO - Sync 1 DAGs
[2026-09-23T13:37:19.433+0000] {logging_mixin.py:188} INFO - [2026-09-23T13:37:19.432+0000] {dag.py:3954} INFO - Setting next_dagrun for dag_project_de_etl_v04 to None, run_after=None
[2026-09-23T13:37:19.513+0000] {processor.py:183} INFO - Processing /opt/airflow/dags/dags_etl.py took 0.181 seconds
[2026-09-23T13:37:49.751+0000] {processor.py:161} INFO - Started process (PID=241) to work on /opt/airflow/dags/dags_etl.py
[2026-09-23T13:37:49.752+0000] {processor.py:830} INFO - Processing file /opt/airflow/dags/dags_etl.py for tasks to queue
[2026-09-23T13:37:49.755+0000] {logging_mixin.py:188} INFO - [2026-09-23T13:37:49.754+0000] {dagbag.py:545} INFO - Filling up the DagBag from /opt/airflow/dags/dags_etl.py
[2026-09-23T13:37:49.790+0000] {processor.py:840} INFO - DAG(s) 'dag_project_de_etl_v04' retrieved from /opt/airflow/dags/dags_etl.py
[2026-09-23T13:37:49.830+0000] {logging_mixin.py:188} INFO - [2026-09-23T13:37:49.830+0000] {dag.py:3096} INFO - Sync 1 DAGs
[2026-09-23T13:37:49.847+0000] {logging_mixin.py:188} INFO - [2026-09-23T13:37:49.846+0000] {dag.py:3954} INFO - Setting next_dagrun for dag_project_de_etl_v04 to None, run_after=None
[2026-09-23T13:37:49.962+0000] {processor.py:183} INFO - Processing /opt/airflow/dags/dags_etl.py took 0.218 seconds
[2026-09-23T13:38:20.264+0000] {processor.py:161} INFO - Started process (PID=242) to work on /opt/airflow/dags/dags_etl.py
[2026-09-23T13:38:20.266+0000] {processor.py:830} INFO - Processing file /opt/airflow/dags/dags_etl.py for tasks to queue
[2026-09-23T13:38:20.269+0000] {logging_mixin.py:188} INFO - [2026-09-23T13:38:20.268+0000] {dagbag.py:545} INFO - Filling up the DagBag from /opt/airflow/dags/dags_etl.py
[2026-09-23T13:38:20.308+0000] {processor.py:840} INFO - DAG(s) 'dag_project_de_etl_v04' retrieved from /opt/airflow/dags/dags_etl.py
[2026-09-23T13:38:20.344+0000] {logging_mixin.py:188} INFO - [2026-09-23T13:38:20.344+0000] {dag.py:3096} INFO - Sync 1 DAGs
[2026-09-23T13:38:20.360+0000] {logging_mixin.py:188} INFO - [2026-09-23T13:38:20.360+0000] {dag.py:3954} INFO - Setting next_dagrun for dag_project_de_etl_v04 to None, run_after=None
[2026-09-23T13:38:20.435+0000] {processor.py:183} INFO - Processing /opt/airflow/dags/dags_etl.py took 0.178 seconds
[2026-09-23T13:38:50.663+0000] {processor.py:161} INFO - Started process (PID=243) to work on /opt/airflow/dags/dags_etl.py
[2026-09-23T13:38:50.664+0000] {processor.py:830} INFO - Processing file /opt/airflow/dags/dags_etl.py for tasks to queue
[2026-09-23T13:38:50.667+0000] {logging_mixin.py:188} INFO - [2026-09-23T13:38:50.667+0000] {dagbag.py:545} INFO - Filling up the DagBag from /opt/airflow/dags/dags_etl.py
[2026-09-23T13:38:50.700+0000] {processor.py:840} INFO - DAG(s) 'dag_project_de_etl_v04' retrieved from /opt/airflow/dags/dags_etl.py
[2026-09-23T13:38:50.733+0000] {logging_mixin.py:188} INFO - [2026-09-23T13:38:50.732+0000] {dag.py:3096} INFO - Sync 1 DAGs
[2026-09-23T13:38:50.748+0000] {logging_mixin.py:188} INFO - [2026-09-23T13:38:50.747+0000] {dag.py:3954} INFO - Setting next_dagrun for dag_project_de_etl_v04 to None, run_after=None
[2026-09-23T13:38:50.816+0000] {processor.py:183} INFO - Processing /opt/airflow/dags/dags_etl.py took 0.159 seconds
[2026-09-23T13:39:21.068+0000] {processor.py:161} INFO - Started process (PID=244) to work on /opt/airflow/dags/dags_etl.py
[2026-09-23T13:39:21.069+0000] {processor.py:830} INFO - Processing file /opt/airflow/dags/dags_etl.py for tasks to queue
[2026-09-23T13:39:21.072+0000] {logging_mixin.py:188} INFO - [2026-09-23T13:39:21.071+0000] {dagbag.py:545} INFO - Filling up the DagBag from /opt/airflow/dags/dags_etl.py
[2026-09-23T13:39:21.113+0000] {processor.py:840} INFO - DAG(s) 'dag_project_de_etl_v04' retrieved from /opt/airflow/dags/dags_etl.py
[2026-09-23T13:39:21.154+0000] {logging_mixin.py:188} INFO - [2026-09-23T13:39:21.153+0000] {dag.py:3096} INFO - Sync 1 DAGs
[2026-09-23T13:39:21.172+0000] {logging_mixin.py:188} INFO - [2026-09-23T13:39:21.172+0000] {dag.py:3954} INFO - Setting next_dagrun for dag_project_de_etl_v04 to None, run_after=None
[2026-09-23T13:39:21.266+0000] {processor.py:183} INFO - Processing /opt/airflow/dags/dags_etl.py took 0.205 seconds
[2026-09-23T13:39:51.623+0000] {processor.py:161} INFO - Started process (PID=245) to work on /opt/airflow/dags/dags_etl.py
[2026-09-23T13:39:51.625+0000] {processor.py:830} INFO - Processing file /opt/airflow/dags/dags_etl.py for tasks to queue
[2026-09-23T13:39:51.627+0000] {logging_mixin.py:188} INFO - [2026-09-23T13:39:51.627+0000] {dagbag.py:545} INFO - Filling up the DagBag from /opt/airflow/dags/dags_etl.py
[2026-09-23T13:39:51.661+0000] {processor.py:840} INFO - DAG(s) 'dag_project_de_etl_v04' retrieved from /opt/airflow/dags/dags_etl.py
[2026-09-23T13:39:51.696+0000] {logging_mixin.py:188} INFO - [2026-09-23T13:39:51.695+0000] {dag.py:3096} INFO - Sync 1 DAGs
[2026-09-23T13:39:51.710+0000] {logging_mixin.py:188} INFO - [2026-09-23T13:39:51.710+0000] {dag.py:3954} INFO - Setting next_dagrun for dag_project_de_etl_v04 to None, run_after=None
[2026-09-23T13:39:51.784+0000] {processor.py:183} INFO - Processing /opt/airflow/dags/dags_etl.py took 0.167 seconds
[2026-09-23T13:40:22.031+0000] {processor.py:161} INFO - Started process (PID=246) to work on /opt/airflow/dags/dags_etl.py
[2026-09-23T13:40:22.033+0000] {processor.py:830} INFO - Processing file /opt/airflow/dags/dags_etl.py for tasks to queue
[2026-09-23T13:40:22.036+0000] {logging_mixin.py:188} INFO - [2026-09-23T13:40:22.035+0000] {dagbag.py:545} INFO - Filling up the DagBag from /opt/airflow/dags/dags_etl.py
[2026-09-23T13:40:22.072+0000] {processor.py:840} INFO - DAG(s) 'dag_project_de_etl_v04' retrieved from /opt/airflow/dags/dags_etl.py
[2026-09-23T13:40:22.109+0000] {logging_mixin.py:188} INFO - [2026-09-23T13:40:22.109+0000] {dag.py:3096} INFO - Sync 1 DAGs
[2026-09-23T13:40:22.125+0000] {logging_mixin.py:188} INFO - [2026-09-23T13:40:22.125+0000] {dag.py:3954} INFO - Setting next_dagrun for dag_project_de_etl_v04 to None, run_after=None
[2026-09-23T13:40:22.201+0000] {processor.py:183} INFO - Processing /opt/airflow/dags/dags_etl.py took 0.176 seconds
[2026-09-23T13:40:52.435+0000] {processor.py:161} INFO - Started process (PID=247) to work on /opt/airflow/dags/dags_etl.py
[2026-09-23T13:40:52.437+0000] {processor.py:830} INFO - Processing file /opt/airflow/dags/dags_etl.py for tasks to queue
[2026-09-23T13:40:52.439+0000] {logging_mixin.py:188} INFO - [2026-09-23T13:40:52.439+0000] {dagbag.py:545} INFO - Filling up the DagBag from /opt/airflow/dags/dags_etl.py
[2026-09-23T13:40:52.474+0000] {processor.py:840} INFO - DAG(s) 'dag_project_de_etl_v04' retrieved from /opt/airflow/dags/dags_etl.py
[2026-09-23T13:40:52.507+0000] {logging_mixin.py:188} INFO - [2026-09-23T13:40:52.507+0000] {dag.py:3096} INFO - Sync 1 DAGs
[2026-09-23T13:40:52.522+0000] {logging_mixin.py:188} INFO - [2026-09-23T13:40:52.521+0000] {dag.py:3954} INFO - Setting next_dagrun for dag_project_de_etl_v04 to None, run_after=None
[2026-09-23T13:40:52.598+0000] {processor.py:183} INFO - Processing /opt/airflow/dags/dags_etl.py took 0.168 seconds
[2026-09-23T13:41:22.840+0000] {processor.py:161} INFO - Started process (PID=248) to work on /opt/airflow/dags/dags_etl.py
[2026-09-23T13:41:22.842+0000] {processor.py:830} INFO - Processing file /opt/airflow/dags/dags_etl.py for tasks to queue
[2026-09-23T13:41:22.845+0000] {logging_mixin.py:188} INFO - [2026-09-23T13:41:22.845+0000] {dagbag.py:545} INFO - Filling up the DagBag from /opt/airflow/dags/dags_etl.py
[2026-09-23T13:41:22.885+0000] {processor.py:840} INFO - DAG(s) 'dag_project_de_etl_v04' retrieved from /opt/airflow/dags/dags_etl.py
[2026-09-23T13:41:22.923+0000] {logging_mixin.py:188} INFO - [2026-09-23T13:41:22.923+0000] {dag.py:3096} INFO - Sync 1 DAGs
[2026-09-23T13:41:22.939+0000] {logging_mixin.py:188} INFO - [2026-09-23T13:41:22.939+0000] {dag.py:3954} INFO - Setting next_dagrun for dag_project_de_etl_v04 to None, run_after=None
[2026-09-23T13:41:23.019+0000] {processor.py:183} INFO - Processing /opt/airflow/dags/dags_etl.py took 0.185 seconds
[2026-09-23T13:41:53.274+0000] {processor.py:161} INFO - Started process (PID=249) to work on /opt/airflow/dags/dags_etl.py
[2026-09-23T13:41:53.276+0000] {processor.py:830} INFO - Processing file /opt/airflow/dags/dags_etl.py for tasks to queue
[2026-09-23T13:41:53.280+0000] {logging_mixin.py:188} INFO - [2026-09-23T13:41:53.280+0000] {dagbag.py:545} INFO - Filling up the DagBag from /opt/airflow/dags/dags_etl.py
[2026-09-23T13:41:53.324+0000] {processor.py:840} INFO - DAG(s) 'dag_project_de_etl_v04' retrieved from /opt/airflow/dags/dags_etl.py
[2026-09-23T13:41:53.370+0000] {logging_mixin.py:188} INFO - [2026-09-23T13:41:53.370+0000] {dag.py:3096} INFO - Sync 1 DAGs
[2026-09-23T13:41:53.389+0000] {logging_mixin.py:188} INFO - [2026-09-23T13:41:53.389+0000] {dag.py:3954} INFO - Setting next_dagrun for dag_project_de_etl_v04 to None, run_after=None
[2026-09-23T13:41:53.503+0000] {processor.py:183} INFO - Processing /opt/airflow/dags/dags_etl.py took 0.237 seconds
[2026-09-23T13:42:23.699+0000] {processor.py:161} INFO - Started process (PID=250) to work on /opt/airflow/dags/dags_etl.py
[2026-09-23T13:42:23.701+0000] {processor.py:830} INFO - Processing file /opt/airflow/dags/dags_etl.py for tasks to queue
[2026-09-23T13:42:23.704+0000] {logging_mixin.py:188} INFO - [2026-09-23T13:42:23.703+0000] {dagbag.py:545} INFO - Filling up the DagBag from /opt/airflow/dags/dags_etl.py
[2026-09-23T13:42:23.745+0000] {processor.py:840} INFO - DAG(s) 'dag_project_de_etl_v04' retrieved from /opt/airflow/dags/dags_etl.py
[2026-09-23T13:42:23.782+0000] {logging_mixin.py:188} INFO - [2026-09-23T13:42:23.782+0000] {dag.py:3096} INFO - Sync 1 DAGs
[2026-09-23T13:42:23.801+0000] {logging_mixin.py:188} INFO - [2026-09-23T13:42:23.801+0000] {dag.py:3954} INFO - Setting next_dagrun for dag_project_de_etl_v04 to None, run_after=None
[2026-09-23T13:42:23.893+0000] {processor.py:183} INFO - Processing /opt/airflow/dags/dags_etl.py took 0.200 seconds
[2026-09-23T13:42:54.476+0000] {processor.py:161} INFO - Started process (PID=251) to work on /opt/airflow/dags/dags_etl.py
[2026-09-23T13:42:54.478+0000] {processor.py:830} INFO - Processing file /opt/airflow/dags/dags_etl.py for tasks to queue
[2026-09-23T13:42:54.483+0000] {logging_mixin.py:188} INFO - [2026-09-23T13:42:54.482+0000] {dagbag.py:545} INFO - Filling up the DagBag from /opt/airflow/dags/dags_etl.py
[2026-09-23T13:42:54.534+0000] {processor.py:840} INFO - DAG(s) 'dag_project_de_etl_v04' retrieved from /opt/airflow/dags/dags_etl.py
[2026-09-23T13:42:54.582+0000] {logging_mixin.py:188} INFO - [2026-09-23T13:42:54.582+0000] {dag.py:3096} INFO - Sync 1 DAGs
[2026-09-23T13:42:54.603+0000] {logging_mixin.py:188} INFO - [2026-09-23T13:42:54.602+0000] {dag.py:3954} INFO - Setting next_dagrun for dag_project_de_etl_v04 to None, run_after=None
[2026-09-23T13:42:54.695+0000] {processor.py:183} INFO - Processing /opt/airflow/dags/dags_etl.py took 0.230 seconds
[2026-09-23T13:43:25.126+0000] {processor.py:161} INFO - Started process (PID=252) to work on /opt/airflow/dags/dags_etl.py
[2026-09-23T13:43:25.128+0000] {processor.py:830} INFO - Processing file /opt/airflow/dags/dags_etl.py for tasks to queue
[2026-09-23T13:43:25.131+0000] {logging_mixin.py:188} INFO - [2026-09-23T13:43:25.130+0000] {dagbag.py:545} INFO - Filling up the DagBag from /opt/airflow/dags/dags_etl.py
[2026-09-23T13:43:25.201+0000] {processor.py:840} INFO - DAG(s) 'dag_project_de_etl_v04' retrieved from /opt/airflow/dags/dags_etl.py
[2026-09-23T13:43:25.263+0000] {logging_mixin.py:188} INFO - [2026-09-23T13:43:25.262+0000] {dag.py:3096} INFO - Sync 1 DAGs
[2026-09-23T13:43:25.302+0000] {logging_mixin.py:188} INFO - [2026-09-23T13:43:25.301+0000] {dag.py:3954} INFO - Setting next_dagrun for dag_project_de_etl_v04 to None, run_after=None
[2026-09-23T13:43:25.456+0000] {processor.py:183} INFO - Processing /opt/airflow/dags/dags_etl.py took 0.336 seconds
[2026-09-23T13:43:55.935+0000] {processor.py:161} INFO - Started process (PID=253) to work on /opt/airflow/dags/dags_etl.py
[2026-09-23T13:43:55.937+0000] {processor.py:830} INFO - Processing file /opt/airflow/dags/dags_etl.py for tasks to queue
[2026-09-23T13:43:55.943+0000] {logging_mixin.py:188} INFO - [2026-09-23T13:43:55.942+0000] {dagbag.py:545} INFO - Filling up the DagBag from /opt/airflow/dags/dags_etl.py
[2026-09-23T13:43:56.014+0000] {processor.py:840} INFO - DAG(s) 'dag_project_de_etl_v04' retrieved from /opt/airflow/dags/dags_etl.py
[2026-09-23T13:43:56.089+0000] {logging_mixin.py:188} INFO - [2026-09-23T13:43:56.088+0000] {dag.py:3096} INFO - Sync 1 DAGs
[2026-09-23T13:43:56.118+0000] {logging_mixin.py:188} INFO - [2026-09-23T13:43:56.117+0000] {dag.py:3954} INFO - Setting next_dagrun for dag_project_de_etl_v04 to None, run_after=None
[2026-09-23T13:43:56.289+0000] {processor.py:183} INFO - Processing /opt/airflow/dags/dags_etl.py took 0.362 seconds
[2026-09-23T13:44:26.466+0000] {processor.py:161} INFO - Started process (PID=254) to work on /opt/airflow/dags/dags_etl.py
[2026-09-23T13:44:26.470+0000] {processor.py:830} INFO - Processing file /opt/airflow/dags/dags_etl.py for tasks to queue
[2026-09-23T13:44:26.473+0000] {logging_mixin.py:188} INFO - [2026-09-23T13:44:26.473+0000] {dagbag.py:545} INFO - Filling up the DagBag from /opt/airflow/dags/dags_etl.py
[2026-09-23T13:44:26.545+0000] {processor.py:840} INFO - DAG(s) 'dag_project_de_etl_v04' retrieved from /opt/airflow/dags/dags_etl.py
[2026-09-23T13:44:26.610+0000] {logging_mixin.py:188} INFO - [2026-09-23T13:44:26.609+0000] {dag.py:3096} INFO - Sync 1 DAGs
[2026-09-23T13:44:26.634+0000] {logging_mixin.py:188} INFO - [2026-09-23T13:44:26.634+0000] {dag.py:3954} INFO - Setting next_dagrun for dag_project_de_etl_v04 to None, run_after=None
[2026-09-23T13:44:26.776+0000] {processor.py:183} INFO - Processing /opt/airflow/dags/dags_etl.py took 0.318 seconds
[2026-09-23T13:44:56.975+0000] {processor.py:161} INFO - Started process (PID=255) to work on /opt/airflow/dags/dags_etl.py
[2026-09-23T13:44:56.977+0000] {processor.py:830} INFO - Processing file /opt/airflow/dags/dags_etl.py for tasks to queue
[2026-09-23T13:44:56.981+0000] {logging_mixin.py:188} INFO - [2026-09-23T13:44:56.980+0000] {dagbag.py:545} INFO - Filling up the DagBag from /opt/airflow/dags/dags_etl.py
[2026-09-23T13:44:57.061+0000] {processor.py:840} INFO - DAG(s) 'dag_project_de_etl_v04' retrieved from /opt/airflow/dags/dags_etl.py
[2026-09-23T13:44:57.123+0000] {logging_mixin.py:188} INFO - [2026-09-23T13:44:57.123+0000] {dag.py:3096} INFO - Sync 1 DAGs
[2026-09-23T13:44:57.151+0000] {logging_mixin.py:188} INFO - [2026-09-23T13:44:57.151+0000] {dag.py:3954} INFO - Setting next_dagrun for dag_project_de_etl_v04 to None, run_after=None
[2026-09-23T13:44:57.305+0000] {processor.py:183} INFO - Processing /opt/airflow/dags/dags_etl.py took 0.339 seconds
[2026-09-23T13:45:27.774+0000] {processor.py:161} INFO - Started process (PID=256) to work on /opt/airflow/dags/dags_etl.py
[2026-09-23T13:45:27.777+0000] {processor.py:830} INFO - Processing file /opt/airflow/dags/dags_etl.py for tasks to queue
[2026-09-23T13:45:27.783+0000] {logging_mixin.py:188} INFO - [2026-09-23T13:45:27.782+0000] {dagbag.py:545} INFO - Filling up the DagBag from /opt/airflow/dags/dags_etl.py
[2026-09-23T13:45:27.879+0000] {processor.py:840} INFO - DAG(s) 'dag_project_de_etl_v04' retrieved from /opt/airflow/dags/dags_etl.py
[2026-09-23T13:45:27.960+0000] {logging_mixin.py:188} INFO - [2026-09-23T13:45:27.960+0000] {dag.py:3096} INFO - Sync 1 DAGs
[2026-09-23T13:45:27.995+0000] {logging_mixin.py:188} INFO - [2026-09-23T13:45:27.994+0000] {dag.py:3954} INFO - Setting next_dagrun for dag_project_de_etl_v04 to None, run_after=None
[2026-09-23T13:45:28.148+0000] {processor.py:183} INFO - Processing /opt/airflow/dags/dags_etl.py took 0.385 seconds
[2026-09-23T13:45:58.565+0000] {processor.py:161} INFO - Started process (PID=257) to work on /opt/airflow/dags/dags_etl.py
[2026-09-23T13:45:58.568+0000] {processor.py:830} INFO - Processing file /opt/airflow/dags/dags_etl.py for tasks to queue
[2026-09-23T13:45:58.573+0000] {logging_mixin.py:188} INFO - [2026-09-23T13:45:58.573+0000] {dagbag.py:545} INFO - Filling up the DagBag from /opt/airflow/dags/dags_etl.py
[2026-09-23T13:45:58.655+0000] {processor.py:840} INFO - DAG(s) 'dag_project_de_etl_v04' retrieved from /opt/airflow/dags/dags_etl.py
[2026-09-23T13:45:58.720+0000] {logging_mixin.py:188} INFO - [2026-09-23T13:45:58.719+0000] {dag.py:3096} INFO - Sync 1 DAGs
[2026-09-23T13:45:58.750+0000] {logging_mixin.py:188} INFO - [2026-09-23T13:45:58.750+0000] {dag.py:3954} INFO - Setting next_dagrun for dag_project_de_etl_v04 to None, run_after=None
[2026-09-23T13:45:58.908+0000] {processor.py:183} INFO - Processing /opt/airflow/dags/dags_etl.py took 0.353 seconds
[2026-09-23T13:46:29.120+0000] {processor.py:161} INFO - Started process (PID=258) to work on /opt/airflow/dags/dags_etl.py
[2026-09-23T13:46:29.124+0000] {processor.py:830} INFO - Processing file /opt/airflow/dags/dags_etl.py for tasks to queue
[2026-09-23T13:46:29.128+0000] {logging_mixin.py:188} INFO - [2026-09-23T13:46:29.127+0000] {dagbag.py:545} INFO - Filling up the DagBag from /opt/airflow/dags/dags_etl.py
[2026-09-23T13:46:29.207+0000] {processor.py:840} INFO - DAG(s) 'dag_project_de_etl_v04' retrieved from /opt/airflow/dags/dags_etl.py
[2026-09-23T13:46:29.279+0000] {logging_mixin.py:188} INFO - [2026-09-23T13:46:29.278+0000] {dag.py:3096} INFO - Sync 1 DAGs
[2026-09-23T13:46:29.308+0000] {logging_mixin.py:188} INFO - [2026-09-23T13:46:29.308+0000] {dag.py:3954} INFO - Setting next_dagrun for dag_project_de_etl_v04 to None, run_after=None
[2026-09-23T13:46:29.446+0000] {processor.py:183} INFO - Processing /opt/airflow/dags/dags_etl.py took 0.336 seconds
[2026-09-23T13:46:59.957+0000] {processor.py:161} INFO - Started process (PID=259) to work on /opt/airflow/dags/dags_etl.py
[2026-09-23T13:46:59.961+0000] {processor.py:830} INFO - Processing file /opt/airflow/dags/dags_etl.py for tasks to queue
[2026-09-23T13:46:59.965+0000] {logging_mixin.py:188} INFO - [2026-09-23T13:46:59.965+0000] {dagbag.py:545} INFO - Filling up the DagBag from /opt/airflow/dags/dags_etl.py
[2026-09-23T13:47:00.046+0000] {processor.py:840} INFO - DAG(s) 'dag_project_de_etl_v04' retrieved from /opt/airflow/dags/dags_etl.py
[2026-09-23T13:47:00.126+0000] {logging_mixin.py:188} INFO - [2026-09-23T13:47:00.125+0000] {dag.py:3096} INFO - Sync 1 DAGs
[2026-09-23T13:47:00.155+0000] {logging_mixin.py:188} INFO - [2026-09-23T13:47:00.155+0000] {dag.py:3954} INFO - Setting next_dagrun for dag_project_de_etl_v04 to None, run_after=None
[2026-09-23T13:47:00.318+0000] {processor.py:183} INFO - Processing /opt/airflow/dags/dags_etl.py took 0.372 seconds
[2026-09-23T13:47:30.877+0000] {processor.py:161} INFO - Started process (PID=260) to work on /opt/airflow/dags/dags_etl.py
[2026-09-23T13:47:30.879+0000] {processor.py:830} INFO - Processing file /opt/airflow/dags/dags_etl.py for tasks to queue
[2026-09-23T13:47:30.884+0000] {logging_mixin.py:188} INFO - [2026-09-23T13:47:30.883+0000] {dagbag.py:545} INFO - Filling up the DagBag from /opt/airflow/dags/dags_etl.py
[2026-09-23T13:47:30.960+0000] {processor.py:840} INFO - DAG(s) 'dag_project_de_etl_v04' retrieved from /opt/airflow/dags/dags_etl.py
[2026-09-23T13:47:31.023+0000] {logging_mixin.py:188} INFO - [2026-09-23T13:47:31.023+0000] {dag.py:3096} INFO - Sync 1 DAGs
[2026-09-23T13:47:31.053+0000] {logging_mixin.py:188} INFO - [2026-09-23T13:47:31.052+0000] {dag.py:3954} INFO - Setting next_dagrun for dag_project_de_etl_v04 to None, run_after=None
[2026-09-23T13:47:31.203+0000] {processor.py:183} INFO - Processing /opt/airflow/dags/dags_etl.py took 0.338 seconds
[2026-09-23T13:48:01.391+0000] {processor.py:161} INFO - Started process (PID=261) to work on /opt/airflow/dags/dags_etl.py
[2026-09-23T13:48:01.394+0000] {processor.py:830} INFO - Processing file /opt/airflow/dags/dags_etl.py for tasks to queue
[2026-09-23T13:48:01.398+0000] {logging_mixin.py:188} INFO - [2026-09-23T13:48:01.397+0000] {dagbag.py:545} INFO - Filling up the DagBag from /opt/airflow/dags/dags_etl.py
[2026-09-23T13:48:01.468+0000] {processor.py:840} INFO - DAG(s) 'dag_project_de_etl_v04' retrieved from /opt/airflow/dags/dags_etl.py
[2026-09-23T13:48:01.544+0000] {logging_mixin.py:188} INFO - [2026-09-23T13:48:01.543+0000] {dag.py:3096} INFO - Sync 1 DAGs
[2026-09-23T13:48:01.575+0000] {logging_mixin.py:188} INFO - [2026-09-23T13:48:01.575+0000] {dag.py:3954} INFO - Setting next_dagrun for dag_project_de_etl_v04 to None, run_after=None
[2026-09-23T13:48:01.719+0000] {processor.py:183} INFO - Processing /opt/airflow/dags/dags_etl.py took 0.337 seconds
[2026-09-23T13:48:32.242+0000] {processor.py:161} INFO - Started process (PID=262) to work on /opt/airflow/dags/dags_etl.py
[2026-09-23T13:48:32.244+0000] {processor.py:830} INFO - Processing file /opt/airflow/dags/dags_etl.py for tasks to queue
[2026-09-23T13:48:32.249+0000] {logging_mixin.py:188} INFO - [2026-09-23T13:48:32.248+0000] {dagbag.py:545} INFO - Filling up the DagBag from /opt/airflow/dags/dags_etl.py
[2026-09-23T13:48:32.324+0000] {processor.py:840} INFO - DAG(s) 'dag_project_de_etl_v04' retrieved from /opt/airflow/dags/dags_etl.py
[2026-09-23T13:48:32.392+0000] {logging_mixin.py:188} INFO - [2026-09-23T13:48:32.392+0000] {dag.py:3096} INFO - Sync 1 DAGs
[2026-09-23T13:48:32.420+0000] {logging_mixin.py:188} INFO - [2026-09-23T13:48:32.419+0000] {dag.py:3954} INFO - Setting next_dagrun for dag_project_de_etl_v04 to None, run_after=None
[2026-09-23T13:48:32.576+0000] {processor.py:183} INFO - Processing /opt/airflow/dags/dags_etl.py took 0.344 seconds
[2026-09-23T13:49:02.978+0000] {processor.py:161} INFO - Started process (PID=263) to work on /opt/airflow/dags/dags_etl.py
[2026-09-23T13:49:02.981+0000] {processor.py:830} INFO - Processing file /opt/airflow/dags/dags_etl.py for tasks to queue
[2026-09-23T13:49:02.984+0000] {logging_mixin.py:188} INFO - [2026-09-23T13:49:02.984+0000] {dagbag.py:545} INFO - Filling up the DagBag from /opt/airflow/dags/dags_etl.py
[2026-09-23T13:49:03.048+0000] {processor.py:840} INFO - DAG(s) 'dag_project_de_etl_v04' retrieved from /opt/airflow/dags/dags_etl.py
[2026-09-23T13:49:03.104+0000] {logging_mixin.py:188} INFO - [2026-09-23T13:49:03.104+0000] {dag.py:3096} INFO - Sync 1 DAGs
[2026-09-23T13:49:03.131+0000] {logging_mixin.py:188} INFO - [2026-09-23T13:49:03.130+0000] {dag.py:3954} INFO - Setting next_dagrun for dag_project_de_etl_v04 to None, run_after=None
[2026-09-23T13:49:03.266+0000] {processor.py:183} INFO - Processing /opt/airflow/dags/dags_etl.py took 0.295 seconds
[2026-09-23T13:49:33.791+0000] {processor.py:161} INFO - Started process (PID=264) to work on /opt/airflow/dags/dags_etl.py
[2026-09-23T13:49:33.794+0000] {processor.py:830} INFO - Processing file /opt/airflow/dags/dags_etl.py for tasks to queue
[2026-09-23T13:49:33.797+0000] {logging_mixin.py:188} INFO - [2026-09-23T13:49:33.796+0000] {dagbag.py:545} INFO - Filling up the DagBag from /opt/airflow/dags/dags_etl.py
[2026-09-23T13:49:33.847+0000] {processor.py:840} INFO - DAG(s) 'dag_project_de_etl_v04' retrieved from /opt/airflow/dags/dags_etl.py
[2026-09-23T13:49:33.895+0000] {logging_mixin.py:188} INFO - [2026-09-23T13:49:33.895+0000] {dag.py:3096} INFO - Sync 1 DAGs
[2026-09-23T13:49:33.913+0000] {logging_mixin.py:188} INFO - [2026-09-23T13:49:33.913+0000] {dag.py:3954} INFO - Setting next_dagrun for dag_project_de_etl_v04 to None, run_after=None
[2026-09-23T13:49:34.011+0000] {processor.py:183} INFO - Processing /opt/airflow/dags/dags_etl.py took 0.228 seconds
[2026-09-23T13:50:04.405+0000] {processor.py:161} INFO - Started process (PID=265) to work on /opt/airflow/dags/dags_etl.py
[2026-09-23T13:50:04.408+0000] {processor.py:830} INFO - Processing file /opt/airflow/dags/dags_etl.py for tasks to queue
[2026-09-23T13:50:04.412+0000] {logging_mixin.py:188} INFO - [2026-09-23T13:50:04.411+0000] {dagbag.py:545} INFO - Filling up the DagBag from /opt/airflow/dags/dags_etl.py
[2026-09-23T13:50:04.471+0000] {processor.py:840} INFO - DAG(s) 'dag_project_de_etl_v04' retrieved from /opt/airflow/dags/dags_etl.py
[2026-09-23T13:50:04.521+0000] {logging_mixin.py:188} INFO - [2026-09-23T13:50:04.521+0000] {dag.py:3096} INFO - Sync 1 DAGs
[2026-09-23T13:50:04.547+0000] {logging_mixin.py:188} INFO - [2026-09-23T13:50:04.546+0000] {dag.py:3954} INFO - Setting next_dagrun for dag_project_de_etl_v04 to None, run_after=None
[2026-09-23T13:50:04.681+0000] {processor.py:183} INFO - Processing /opt/airflow/dags/dags_etl.py took 0.286 seconds
[2026-09-23T13:50:34.895+0000] {processor.py:161} INFO - Started process (PID=266) to work on /opt/airflow/dags/dags_etl.py
[2026-09-23T13:50:34.897+0000] {processor.py:830} INFO - Processing file /opt/airflow/dags/dags_etl.py for tasks to queue
[2026-09-23T13:50:34.900+0000] {logging_mixin.py:188} INFO - [2026-09-23T13:50:34.900+0000] {dagbag.py:545} INFO - Filling up the DagBag from /opt/airflow/dags/dags_etl.py
[2026-09-23T13:50:34.947+0000] {processor.py:840} INFO - DAG(s) 'dag_project_de_etl_v04' retrieved from /opt/airflow/dags/dags_etl.py
[2026-09-23T13:50:34.991+0000] {logging_mixin.py:188} INFO - [2026-09-23T13:50:34.991+0000] {dag.py:3096} INFO - Sync 1 DAGs
[2026-09-23T13:50:35.008+0000] {logging_mixin.py:188} INFO - [2026-09-23T13:50:35.008+0000] {dag.py:3954} INFO - Setting next_dagrun for dag_project_de_etl_v04 to None, run_after=None
[2026-09-23T13:50:35.084+0000] {processor.py:183} INFO - Processing /opt/airflow/dags/dags_etl.py took 0.197 seconds
